Date,City,Product,Brand,PackSize,MRP,SellingPrice,PricePerLiter,Discount,Availability,OilType,Platform
2026-10-02,BANGALORE,"INDICWISDOM Wood Cold Pressed Groundnut Oil (Extracted on Wooden Churner)","INDICWISDOM","1 ltr x 2",940,604,302,"35% OFF","In Stock","Groundnut Oil",Instamart
2026-10-02,BANGALORE,"INDICWISDOM Wood Cold Pressed Groundnut Oil (Extracted on Wooden Churner)","INDICWISDOM","1 ltr",470,302,302,"35% OFF","In Stock","Groundnut Oil",Instamart
2026-10-02,BANGALORE,"Earthen Story Organic Cold Pressed Groundndut Oil","Earthen Story","1 ltr",576,417,417,"27% OFF","In Stock","Other Oil",Instamart
2026-10-02,BANGALORE,"Cowberry Organic Cold-Pressed Groundnut Oil","Cowberry","1 ltr",500,500,500,"0%","In Stock","Groundnut Oil",Instamart
2026-10-02,BANGALORE,"GEM'S GOLD Cold Pressed Groundnut oil Bottle","GEM'S GOLD","1 ltr",340,215,215,"36% OFF","In Stock","Groundnut Oil",Instamart
2026-10-02,BANGALORE,"Tata Simply Better Cold Pressed Groundnut Oil, Pure and Unrefined","Tata Simply Better","1 ltr x 2",1050,738,369,"29% OFF","In Stock","Groundnut Oil",Instamart
2026-10-02,BANGALORE,"Tata Simply Better Cold Pressed Groundnut Oil, Pure and Unrefined","Tata Simply Better","1 ltr",525,369,369,"29% OFF","In Stock","Groundnut Oil",Instamart
2026-10-02,BANGALORE,"Natureland Organics Groundnut Oil Bottle","Natureland Organics","1 ltr",495,339,339,"31% OFF","In Stock","Groundnut Oil",Instamart
2026-10-02,BANGALORE,"TIME FOR ORGANICS - TFO Organic Cold pressed Mustard Oil","TIME FOR ORGANICS - TFO","2 ltr",793,785,393,"1% OFF","In Stock","Mustard Oil",Instamart
2026-10-02,BANGALORE,"Jivo Cold Pressed oil Groundnut Oil","Jivo","1 ltr",560,228,228,"59% OFF","In Stock","Groundnut Oil",Instamart
2026-10-02,BANGALORE,"INDICWISDOM Wood Cold Pressed Groundnut Oil (Extracted on Wooden Churner)","INDICWISDOM","5 ltr",2250,1495,299,"33% OFF","In Stock","Groundnut Oil",Instamart
2026-10-02,BANGALORE,"TIME FOR ORGANICS - TFO Organic Cold pressed Mustard Oil","TIME FOR ORGANICS - TFO","5 ltr",1904,1885,377,"1% OFF","In Stock","Mustard Oil",Instamart
2026-10-02,BANGALORE,"TIME FOR ORGANICS - TFO Oraganic Groundnut oil coldpressed","TIME FOR ORGANICS - TFO","5 ltr",2245,2223,445,"1% OFF","In Stock","Groundnut Oil",Instamart
2026-10-02,BANGALORE,"NATUREWAY Agmark Wood Cold Pressed Unrefined Groundnut Oil","NATUREWAY","1 ltr",350,271,271,"22% OFF","In Stock","Groundnut Oil",Instamart
2026-10-02,BANGALORE,"Two Brothers India Farms Wood Pressed Groundnut Peanut Single-Filtered Oil","Two Brothers India Farms","1 ltr",465,399,399,"14% OFF","In Stock","Groundnut Oil",Instamart
2026-10-02,BANGALORE,"TIME FOR ORGANICS - TFO Oraganic Groundnut oil coldpressed","TIME FOR ORGANICS - TFO","1 ltr",485,480,480,"1% OFF","In Stock","Groundnut Oil",Instamart
2026-10-02,BANGALORE,"TIME FOR ORGANICS - TFO Oraganic Groundnut oil coldpressed","TIME FOR ORGANICS - TFO","2 ltr",928,919,460,"1% OFF","In Stock","Groundnut Oil",Instamart
2026-10-02,BANGALORE,"INDICWISDOM -Nava-Spray-Wood Pressed Groundnut Oil (No Aerosol/CFCs/Preservatives)(Cold Pressed-Extracted On Wooden Churner)","INDICWISDOM","250 ml",290,244,976,"15% OFF","In Stock","Groundnut Oil",Instamart
2026-10-02,BANGALORE,"A TATA Product - Organic India Cold Pressed Groundnut Oil","Organic India","1 ltr",550,364,364,"33% OFF","In Stock","Groundnut Oil",Instamart
2026-10-02,BANGALORE,"24 Mantra Groundnut Oil","24 Mantra","1 ltr",550,450,450,"18% OFF","In Stock","Groundnut Oil",Instamart
2026-10-02,BANGALORE,"24 Mantra Groundnut Oil","24 Mantra","1 ltr x 2",1100,867,434,"21% OFF","Out of Stock","Groundnut Oil",Instamart
2026-10-02,BANGALORE,"Supreme Harvest Kachi Ghani Mustard Oil","Supreme Harvest","1 ltr",260,186,186,"28% OFF","In Stock","Mustard Oil",Instamart
2026-10-02,BANGALORE,"Gramiyaa Cold Pressed Groundnut Oil","Gramiyaa","500 ml",280,209,418,"25% OFF","In Stock","Groundnut Oil",Instamart
2026-10-02,BANGALORE,"SAHASTHRA Cold Pressed Groundnut Oil","SAHASTHRA","1 ltr",440,299,299,"32% OFF","In Stock","Groundnut Oil",Instamart
2026-10-02,BANGALORE,"Atharva Wooden Cold Pressed Seasame Oil","Atharva","1 ltr",569,454,454,"20% OFF","In Stock","Other Oil",Instamart
2026-10-02,BANGALORE,"Atharva  Wooden Cold Pressed Coconut Oil","Atharva","1 ltr",799,523,523,"34% OFF","In Stock","Coconut Oil",Instamart
2026-10-02,BANGALORE,"FarmSe Cold Pressed Groundnut Oil","FarmSe","1 ltr",400,249,249,"37% OFF","In Stock","Groundnut Oil",Instamart
2026-10-02,BANGALORE,"Good Wave Wood Cold pressed Groundnut oil","Good Wave","1 ltr",450,377,377,"16% OFF","In Stock","Groundnut Oil",Instamart
2026-10-02,BANGALORE,"Sattvasoul Wood Pressed Groundnut Oil","Sattvasoul","1 ltr",599,460,460,"23% OFF","In Stock","Groundnut Oil",Instamart
2026-10-02,BANGALORE,"Jivo Cold Pressed oil Groundnut Oil","Jivo","5 ltr",2800,1139,228,"59% OFF","In Stock","Groundnut Oil",Instamart
2026-10-02,BANGALORE,"Saffola Cold Pressed Groundnut Oil | 100% Cold Pressed Groundnut Oil","Saffola","1 ltr x 2",900,634,317,"29% OFF","In Stock","Groundnut Oil",Instamart
2026-10-02,BANGALORE,"Saffola Cold Pressed Groundnut Oil | 100% Cold Pressed Groundnut Oil","Saffola","1 ltr",450,317,317,"29% OFF","In Stock","Groundnut Oil",Instamart
2026-10-02,BANGALORE,"24 Mantra Organic Cold Pressed Groundnut Oil","24 Mantra","5 ltr",2700,2179,436,"19% OFF","In Stock","Groundnut Oil",Instamart
2026-10-02,BANGALORE,"GEM'S GOLD Cold Pressed Groundnut oil","GEM'S GOLD","500 ml",180,129,258,"28% OFF","In Stock","Groundnut Oil",Instamart
2026-10-02,BANGALORE,"RAS Chekku Groundnut Oil","RAS","1 ltr",462,309,309,"33% OFF","In Stock","Groundnut Oil",Instamart
2026-10-02,BANGALORE,"GEM'S GOLD Cold Pressed Groundnut oil Bottle","GEM'S GOLD","2 ltr",580,419,210,"27% OFF","In Stock","Groundnut Oil",Instamart
2026-10-02,BANGALORE,"Tata Simply Better Virgin Coconut Cold Pressed Oil, Pure and Unrefined","Tata Simply Better","500 ml",499,435,870,"12% OFF","In Stock","Coconut Oil",Instamart
2026-10-02,BANGALORE,"Gramiyaa Wood Cold Pressed Coconut Oil","Gramiyaa","1 ltr",1050,699,699,"33% OFF","In Stock","Coconut Oil",Instamart
2026-10-02,BANGALORE,"Coco Soul Cold Pressed Unrefined Virgin Coconut Oil 60% Mct Cholesterol Free- Makers Of Parachute","Coco Soul","250 ml",299,247,988,"17% OFF","In Stock","Coconut Oil",Instamart
2026-10-02,BANGALORE,"NATUREWAY Agmark Wood Cold Pressed Unrefined Coconut Oil","NATUREWAY","1 ltr",570,513,513,"10% OFF","In Stock","Coconut Oil",Instamart
2026-10-02,BANGALORE,"IndicWisdom-Nava-Spray-Wood Pressed Virgin Coconut Oil (No Aerosol/CFCs/Preservatives)(Cold Pressed-Extracted On Wooden Churner)","INDICWISDOM","250 ml",320,256,1024,"20% OFF","In Stock","Coconut Oil",Instamart
2026-10-02,BANGALORE,"INDICWISDOM Cold Pressed Mustard Oil , Pure & Unrefined Sarson Oil","INDICWISDOM","1 ltr",350,239,239,"31% OFF","In Stock","Mustard Oil",Instamart
2026-10-02,BANGALORE,"Indic Wisdom Cold Pressed Mustard Oil","INDICWISDOM","2 ltr",680,430,215,"36% OFF","In Stock","Mustard Oil",Instamart
2026-10-02,BANGALORE,"INDICWISDOM Wood Cold Pressed Coconut Oil (Extracted on Wooden Churner)","INDICWISDOM","500 ml",480,369,738,"23% OFF","In Stock","Coconut Oil",Instamart
2026-10-02,BANGALORE,"INDICWISDOM Wood Cold Pressed Sunflower Oil (Extracted on Wooden Churner)","INDICWISDOM","1 ltr",470,349,349,"25% OFF","In Stock","Sunflower Oil",Instamart
2026-10-02,BANGALORE,"INDICWISDOM Wood Cold Pressed Sunflower Oil (Extracted on Wooden Churner)","INDICWISDOM","1 ltr x 2",940,698,349,"25% OFF","Out of Stock","Sunflower Oil",Instamart
2026-10-02,BANGALORE,"INDICWISDOM Wood Cold Pressed White Sesame Oil (Extracted on Wooden Churner)","INDICWISDOM","500 ml",370,241,482,"34% OFF","In Stock","Sesame Oil",Instamart
2026-10-02,BANGALORE,"INDICWISDOM Wood Cold Pressed Coconut Oil (Extracted on Wooden Churner)","INDICWISDOM","1 ltr",920,624,624,"32% OFF","In Stock","Coconut Oil",Instamart
2026-10-02,BANGALORE,"INDICWISDOM -Nava-Spray-Wood Pressed Mustard Oil (No Aerosol/CFCs/Preservatives)(Cold Pressed-Extracted On Wooden Churner)","INDICWISDOM","250 ml",290,244,976,"15% OFF","In Stock","Mustard Oil",Instamart
2026-10-02,BANGALORE,"INDICWISDOM Wood Cold Pressed White Sesame Oil (Extracted on Wooden Churner)","INDICWISDOM","1 ltr",680,499,499,"26% OFF","In Stock","Sesame Oil",Instamart
2026-10-02,BANGALORE,"INDICWISDOM Wood Cold Pressed White Sesame Oil (Extracted on Wooden Churner)","INDICWISDOM","1 ltr x 2",1360,998,499,"26% OFF","Out of Stock","Sesame Oil",Instamart
2026-10-02,BANGALORE,"INDICWISDOM Wood Pressed Safflower Oil","INDICWISDOM","1 ltr",580,308,308,"46% OFF","Out of Stock","Safflower Oil",Instamart
2026-10-02,BANGALORE,"INDICWISDOM Nava-Spray-Wood Pressed Sunflower Oil (No Aerosol/CFCs/Preservatives)(Cold Pressed-Extracted On Wooden Churner)","INDICWISDOM","250 ml",290,244,976,"15% OFF","Out of Stock","Sunflower Oil",Instamart
2026-10-02,BANGALORE,"Tata Simply Better Virgin Coldpressed Coconut Oil","Tata Simply Better","250 ml",299,279,1116,"6% OFF","In Stock","Coconut Oil",Instamart
2026-10-02,BANGALORE,"Akshayakalpa Organic Cold Pressed Virgin Coconut Oil","Akshayakalpa","200 ml",318,274,1370,"13% OFF","In Stock","Coconut Oil",Instamart
2026-10-02,BANGALORE,"Klf Nirmal Virgin Coconut Oil","Klf","250 ml",279,258,1032,"7% OFF","In Stock","Coconut Oil",Instamart
2026-10-02,BANGALORE,"Tata Simply Better Virgin Coconut Cold Pressed Oil, Pure and Unrefined","Tata Simply Better","1 ltr",899,723,723,"19% OFF","In Stock","Coconut Oil",Instamart
2026-10-02,BANGALORE,"Brillare 100% Pure Coconut Oil | Cold Pressed Oil | For Strong Hair & Radiant Skin","Brillare","200 ml",395,324,1620,"17% OFF","In Stock","Coconut Oil",Instamart
2026-10-02,BANGALORE,"KARIKKU Coconut Oil","KARIKKU","1000 ml",510,333,333,"34% OFF","In Stock","Coconut Oil",Instamart
2026-10-02,BANGALORE,"KLF Coconad 100% Pure Coconut Oil","Klf","900 ml",365,338,376,"7% OFF","In Stock","Coconut Oil",Instamart
2026-10-02,BANGALORE,"Gramiyaa Cold Pressed Coconut Oil","Gramiyaa","500 ml",600,363,726,"39% OFF","In Stock","Coconut Oil",Instamart
2026-10-02,BANGALORE,"FarmSe Cold Pressed Coconut oil","FarmSe","1 ltr",900,477,477,"47% OFF","In Stock","Coconut Oil",Instamart
2026-10-02,BANGALORE,"Akshayakalpa Organic Cold Pressed Coconut Oil","Akshayakalpa","1 ltr",950,851,851,"10% OFF","In Stock","Coconut Oil",Instamart
2026-10-02,BANGALORE,"RAS Coconut Oil","RAS","500 ml",360,229,458,"36% OFF","In Stock","Coconut Oil",Instamart
2026-10-02,BANGALORE,"FreshMill Oils Cold Pressed Coconut Oil","FreshMill Oils","1 ltr",900,751,751,"16% OFF","In Stock","Coconut Oil",Instamart
2026-10-02,BANGALORE,"GKD Premium 100% Pure Coconut Oil","GKD Premium","500 ml",225,171,342,"24% OFF","In Stock","Coconut Oil",Instamart
2026-10-02,BANGALORE,"Kapiva Virgin Coconut Oil","Kapiva","500 ml",499,363,726,"27% OFF","In Stock","Coconut Oil",Instamart
2026-10-02,BANGALORE,"Kapiva Virgin Coconut Oil","Kapiva","500 ml x 2",998,726,1452,"27% OFF","Out of Stock","Coconut Oil",Instamart
2026-10-02,BANGALORE,"Anveshan Coconut Oil (Wood Pressed)","Anveshan","1 ltr",950,699,699,"26% OFF","In Stock","Coconut Oil",Instamart
2026-10-02,BANGALORE,"Anveshan Coconut Oil (Wood Pressed)","Anveshan","500 ml",550,399,798,"27% OFF","In Stock","Coconut Oil",Instamart
2026-10-02,BANGALORE,"Akshayakalpa Organic Cold Pressed Virgin Coconut Oil","Akshayakalpa","500 ml x 2",1398,1316,2632,"5% OFF","In Stock","Coconut Oil",Instamart
2026-10-02,BANGALORE,"Akshayakalpa Organic Cold Pressed Virgin Coconut Oil","Akshayakalpa","500 ml",699,658,1316,"5% OFF","In Stock","Coconut Oil",Instamart
2026-10-02,BANGALORE,"A TATA Product - Organic India Cold Pressed Virgin Coconut Oil","Organic India","500 ml",625,432,864,"30% OFF","In Stock","Coconut Oil",Instamart
2026-10-02,BANGALORE,"Tata Simply Better Cold Pressed Sesame Oil, Pure and Unrefined","Tata Simply Better","1 ltr",619,469,469,"24% OFF","In Stock","Sesame Oil",Instamart
2026-10-02,BANGALORE,"Tata Simply Better Cold Pressed Sesame Oil, Pure and Unrefined","Tata Simply Better","500 ml",340,302,604,"11% OFF","In Stock","Sesame Oil",Instamart
2026-10-02,BANGALORE,"Jivo First Pressed Sesame Oil | Gingelly Oil","Jivo","1 ltr",600,269,269,"55% OFF","In Stock","Sesame Oil",Instamart
2026-10-02,BANGALORE,"Klf Tilnad Pure Gingelly/Til Oil","Klf","500 ml",248,212,424,"14% OFF","In Stock","Sesame Oil",Instamart
2026-10-02,BANGALORE,"Patanjali Sesame Oil","Patanjali","1 ltr",300,296,296,"1% OFF","In Stock","Sesame Oil",Instamart
2026-10-02,BANGALORE,"Conscious Food Sesame Oil","Conscious Food","1 ltr",600,480,480,"20% OFF","In Stock","Sesame Oil",Instamart
2026-10-02,BANGALORE,"Gramiyaa Wood Cold Pressed Sesame Oil","Gramiyaa","1 ltr",750,518,518,"30% OFF","In Stock","Sesame Oil",Instamart
2026-10-02,BANGALORE,"Saffola Cold Pressed Sesame Oil | 100% Cold Pressed Sesame Seed Oil","Saffola","1 ltr",647,499,499,"22% OFF","In Stock","Sesame Oil",Instamart
2026-10-02,BANGALORE,"Anveshan Wood Pressed Black Sesame Gingelly Oil","Anveshan","1 ltr",645,529,529,"17% OFF","In Stock","Sesame Oil",Instamart
2026-10-02,BANGALORE,"Aroga Foods Wood Pressed Sesame Oil White","Aroga Foods","1 ltr",830,651,651,"21% OFF","In Stock","Sesame Oil",Instamart
2026-10-02,BANGALORE,"Gramiyum Cold Pressed Sesame Oil |Gingelly Oil","Gramiyum","1 ltr",470,426,426,"9% OFF","In Stock","Sesame Oil",Instamart
2026-10-02,BANGALORE,"Anveshan Black Sesame Oil (Wood Pressed)","Anveshan","500 ml",365,329,658,"9% OFF","In Stock","Sesame Oil",Instamart
2026-10-02,BANGALORE,"Praakritik Organic Sesame Oil","Praakritik","500 ml",495,355,710,"28% OFF","In Stock","Sesame Oil",Instamart
2026-10-02,BANGALORE,"Tilsona Til Oil","Tilsona","500 ml",250,243,486,"2% OFF","In Stock","Sesame Oil",Instamart
2026-10-02,BANGALORE,"Tilsona Til Oil Bottle","Tilsona","1 ltr",435,431,431,"1% OFF","In Stock","Sesame Oil",Instamart
2026-10-02,BANGALORE,"MustaPure Cold Pressed Sesame - Gingelly Oil","MUSTAPURE","1 ltr",500,315,315,"37% OFF","Out of Stock","Sesame Oil",Instamart
2026-10-02,BANGALORE,"SAHASTHRA Cold Pressed Sesame Oil","SAHASTHRA","1 ltr",639,507,507,"20% OFF","Out of Stock","Sesame Oil",Instamart
2026-10-02,BANGALORE,"Sutr Cold Pressed Sesame Oil","Sutr","250 ml",250,149,596,"40% OFF","Out of Stock","Sesame Oil",Instamart
2026-10-02,BANGALORE,"Jivika Naturals Cold Pressed Sesame Oil","Jivika Naturals","1 ltr",525,371,371,"29% OFF","Out of Stock","Sesame Oil",Instamart
2026-10-02,BANGALORE,"THANJAI UZHAVAN Cold Pressed Sesame Oil (Gingelly / Til Oil)","THANJAI UZHAVAN","500 ml",248,218,436,"12% OFF","Out of Stock","Sesame Oil",Instamart
2026-10-02,BANGALORE,"SUPREME HARVEST Cold Pressed Sesame Oil","Supreme Harvest","500 ml",500,500,1000,"0%","Out of Stock","Sesame Oil",Instamart
2026-10-02,BANGALORE,"Dabur Cold Pressed Sesame (Gingelly) Cooking Oil","Dabur","1 ltr",699,699,699,"0%","Out of Stock","Sesame Oil",Instamart
2026-10-02,BANGALORE,"NATUREWAY Agmark Wood Cold Pressed Unrefined Gingelly Oil","NATUREWAY","1 ltr",470,340,340,"27% OFF","Out of Stock","Sesame Oil",Instamart
2026-10-02,BANGALORE,"NATUREWAY Agmark Wood Cold Pressed Unrefined Gingelly Oil","NATUREWAY","500 ml",240,170,340,"29% OFF","Out of Stock","Sesame Oil",Instamart
2026-10-02,BANGALORE,"organic tattva Sesame Oil","organic tattva","1 ltr",699,573,573,"18% OFF","Out of Stock","Sesame Oil",Instamart
2026-10-02,BANGALORE,"Anjali Coldpressed Gingelly .Sesame Oil","Anjali","450 ml",320,224,498,"30% OFF","Out of Stock","Sesame Oil",Instamart
2026-10-02,BANGALORE,"Anjali Coldpressed Gingelly Sesame Oil","Anjali","1 ltr",495,428,428,"13% OFF","Out of Stock","Sesame Oil",Instamart
2026-10-02,BANGALORE,"Indiyeah Virgin Coldpress White Sesame/Til Oil","Indiyeah","500 ml",389,389,778,"0%","Out of Stock","Sesame Oil",Instamart
2026-10-02,BANGALORE,"Aadhyam Gingelly Sesame Oil (Til Oil)","Aadhyam","500 ml",190,124,248,"34% OFF","Out of Stock","Sesame Oil",Instamart
2026-10-02,BANGALORE,"Aroga Foods Wood Pressed Sesame Oil White","Aroga Foods","500 ml",435,334,668,"23% OFF","Out of Stock","Sesame Oil",Instamart
2026-10-02,BANGALORE,"Phalada Pure & Sure Organic Sesame Oil","Phalada Pure & Sure","1 ltr",650,424,424,"34% OFF","Out of Stock","Sesame Oil",Instamart
2026-10-02,BANGALORE,"Idhayam Gingelly Oil","Idhayam","500 ml x 2",486,448,896,"7% OFF","In Stock","Sesame Oil",Instamart
2026-10-02,BANGALORE,"Idhayam Gingelly Oil","Idhayam","500 ml",243,224,448,"7% OFF","In Stock","Sesame Oil",Instamart
2026-10-02,BANGALORE,"Idhayam Gingelly Oil","Idhayam","1 ltr x 2",964,886,443,"8% OFF","In Stock","Sesame Oil",Instamart
2026-10-02,BANGALORE,"Idhayam Gingelly Oil","Idhayam","1 ltr",482,443,443,"8% OFF","In Stock","Sesame Oil",Instamart
2026-10-02,BANGALORE,"Jivo Cold Press Kachi Ghani Mustard Oil","Jivo","1 ltr",255,189,189,"25% OFF","In Stock","Mustard Oil",Instamart
2026-10-02,BANGALORE,"Jivo First Pressed Yellow Mustard Oil","Jivo","1 ltr",355,209,209,"41% OFF","In Stock","Mustard Oil",Instamart
2026-10-02,BANGALORE,"Tata Simply Better Cold Pressed Mustard Oil, Pure and Unrefined","Tata Simply Better","1 ltr",375,291,291,"22% OFF","In Stock","Mustard Oil",Instamart
2026-10-02,BANGALORE,"Jivo Cold Press Kachi Ghani Mustard Oil","Jivo","200 ml",65,44,220,"32% OFF","In Stock","Mustard Oil",Instamart
2026-10-02,BANGALORE,"Tata Simply Better Cold Pressed Mustard Oil, Pure and Unrefined","Tata Simply Better","5 ltr",1599,1345,269,"15% OFF","In Stock","Mustard Oil",Instamart
2026-10-02,BANGALORE,"Saffola Cold Pressed Mustard Oil | 100% Cold Pressed Mustard Seed Oil | Helps Manage Cholesterol, Goodness of Omega 3 with Authentic Seed Flavour | Kachi Ghani Mustard Oil","Saffola","2 ltr",640,502,251,"21% OFF","In Stock","Mustard Oil",Instamart
2026-10-02,BANGALORE,"Fortune Kachi Ghani Mustard Oil","Fortune","1 ltr x 2",510,418,209,"18% OFF","In Stock","Mustard Oil",Instamart
2026-10-02,BANGALORE,"Fortune Kachi Ghani Mustard Oil","Fortune","1 ltr",255,209,209,"18% OFF","In Stock","Mustard Oil",Instamart
2026-10-02,BANGALORE,"Fortune Premio Cold Pressed Mustard Oil  pet","Fortune","1 ltr",425,380,380,"10% OFF","In Stock","Mustard Oil",Instamart
2026-10-02,BANGALORE,"Saffola Cold Pressed Mustard Oil | 100% Cold Pressed Mustard Seed Oil","Saffola","1 ltr x 2",640,570,285,"10% OFF","In Stock","Mustard Oil",Instamart
2026-10-02,BANGALORE,"Saffola Cold Pressed Mustard Oil | 100% Cold Pressed Mustard Seed Oil","Saffola","1 ltr",320,285,285,"10% OFF","In Stock","Mustard Oil",Instamart
2026-10-02,BANGALORE,"A TATA Product - Organic India Cold Pressed Mustard Oil (Kachi Ghani)","Organic India","1 ltr",419,280,280,"33% OFF","In Stock","Mustard Oil",Instamart
2026-10-02,BANGALORE,"Two Brothers India Farms Cold-Pressed Black Mustard Oil","Two Brothers India Farms","1 ltr",425,383,383,"9% OFF","In Stock","Mustard Oil",Instamart
2026-10-02,BANGALORE,"FarmSe Cold Pressed Mustard Oil","FarmSe","1 ltr",380,245,245,"35% OFF","In Stock","Mustard Oil",Instamart
2026-10-02,BANGALORE,"Fortune Pehli Dhaar Wood Pressed - Kachi Ghani Mustard Oil Bottle","Fortune Pehli Dhaar","1 ltr x 2",598,544,272,"9% OFF","In Stock","Mustard Oil",Instamart
2026-10-02,BANGALORE,"Fortune Pehli Dhaar Wood Pressed - Kachi Ghani Mustard Oil Bottle","Fortune Pehli Dhaar","1 ltr",299,272,272,"9% OFF","In Stock","Mustard Oil",Instamart
2026-10-02,BANGALORE,"Dhara Kachi Ghani Mustard Oil","Dhara","1 ltr",270,201,201,"25% OFF","In Stock","Mustard Oil",Instamart
2026-10-02,BANGALORE,"Anveshan Wood-Pressed Mustard Oil","Anveshan","3 ltr",1150,655,218,"43% OFF","In Stock","Mustard Oil",Instamart
2026-10-02,BANGALORE,"Patanjali Mustard Oil","Patanjali","1 ltr x 2",460,454,227,"1% OFF","In Stock","Mustard Oil",Instamart
2026-10-02,BANGALORE,"Patanjali Mustard Oil","Patanjali","1 ltr",230,227,227,"1% OFF","In Stock","Mustard Oil",Instamart
2026-10-02,BANGALORE,"Emami Healthy & Tasty Kachchi Ghani Mustard Oil Regular","Emami","910 g",205,197,197,"3% OFF","In Stock","Mustard Oil",Instamart
2026-10-02,BANGALORE,"Emami Healthy & Tasty Kachchi Ghani Mustard Oil Regular","Emami","910 g x 2",410,394,394,"3% OFF","Out of Stock","Mustard Oil",Instamart
2026-10-02,BANGALORE,"Emami Healthy & Tasty Kachchi Ghani Mustard Oil Strong","Emami","825 g",210,196,196,"6% OFF","In Stock","Mustard Oil",Instamart
2026-10-02,BANGALORE,"Sattvasoul Cold Pressed Black Mustard Oil","Sattvasoul","1 ltr",350,290,290,"17% OFF","In Stock","Mustard Oil",Instamart
2026-10-02,BANGALORE,"Jivo Cold Pressed Chemical Free Sunflower Oil","Jivo","1 ltr",275,198,198,"28% OFF","In Stock","Sunflower Oil",Instamart
2026-10-02,BANGALORE,"24 Mantra Organic Expeller Pressed Sunflower Oil","24 Mantra","1 ltr x 2",1100,669,335,"39% OFF","In Stock","Sunflower Oil",Instamart
2026-10-02,BANGALORE,"24 Mantra Organic Expeller Pressed Sunflower Oil","24 Mantra","1 ltr",550,340,340,"38% OFF","In Stock","Sunflower Oil",Instamart
2026-10-02,BANGALORE,"Natureland Organics Sunflower Oil","Natureland Organics","1 ltr x 2",990,646,323,"34% OFF","In Stock","Sunflower Oil",Instamart
2026-10-02,BANGALORE,"Natureland Organics Sunflower Oil","Natureland Organics","1 ltr",495,323,323,"34% OFF","In Stock","Sunflower Oil",Instamart
2026-10-02,BANGALORE,"Anveshan Sunflower Oil (Wood Pressed)","Anveshan","1 ltr",475,425,425,"10% OFF","In Stock","Sunflower Oil",Instamart
2026-10-02,BANGALORE,"Pro Nature Organic Sunflower Oil","Pro Nature Organic","1 ltr",499,322,322,"35% OFF","In Stock","Sunflower Oil",Instamart
2026-10-02,BANGALORE,"Tata Simply Better Cold Pressed Sunflower Oil, Pure and Unrefined","Tata Simply Better","1 ltr",599,489,489,"18% OFF","In Stock","Sunflower Oil",Instamart
2026-10-02,BANGALORE,"HARI:BOL Cold Pressed Sunflower Oil","Haribol","1 ltr",550,301,301,"45% OFF","In Stock","Sunflower Oil",Instamart
2026-10-02,BANGALORE,"A TATA Product - Organic India Cold Pressed Sunflower Oil","Organic India","1 ltr",540,388,388,"28% OFF","In Stock","Sunflower Oil",Instamart
2026-10-02,BANGALORE,"Anveshan Wood-Pressed Sunflower Oil","Anveshan","3 ltr",1375,902,301,"34% OFF","In Stock","Sunflower Oil",Instamart
2026-10-02,BANGALORE,"Jivo Cold Pressed Chemical Free Sunflower Oil","Jivo","5 ltr",1350,980,196,"27% OFF","In Stock","Sunflower Oil",Instamart
2026-10-02,BANGALORE,"Phalada Pure & Sure Organic Cold Pressed Sunflower oil","Phalada Pure & Sure","2 ltr",740,554,277,"25% OFF","In Stock","Sunflower Oil",Instamart
2026-10-02,BANGALORE,"Phalada Pure & Sure Organic Cold Pressed Sunflower Oil","Phalada Pure & Sure","1 ltr",460,325,325,"29% OFF","In Stock","Sunflower Oil",Instamart
2026-10-02,BANGALORE,"SAHASTHRA Cold Pressed Sunflower Oil","SAHASTHRA","1 ltr",499,306,306,"38% OFF","In Stock","Sunflower Oil",Instamart
2026-10-02,BANGALORE,"TIME FOR ORGANICS - TFO Organic Cold Pressed Sunflower Oil","TIME FOR ORGANICS - TFO","2 ltr",910,901,451,"1% OFF","In Stock","Sunflower Oil",Instamart
2026-10-02,BANGALORE,"TIME FOR ORGANICS - TFO Organic Cold Pressed Sunflower Oil","TIME FOR ORGANICS - TFO","1 ltr",476,471,471,"1% OFF","In Stock","Sunflower Oil",Instamart
2026-10-02,BANGALORE,"TIME FOR ORGANICS - TFO Organic Cold Pressed Sunflower Oil","TIME FOR ORGANICS - TFO","5 ltr",2196,2174,435,"1% OFF","In Stock","Sunflower Oil",Instamart
2026-10-02,BANGALORE,"Earthen Story Organic Cold Pressed Sunflower Oil","Earthen Story","1 ltr",475,449,449,"5% OFF","Out of Stock","Sunflower Oil",Instamart
2026-10-02,BANGALORE,"RawNH Organics Cold Pressed Sunflower Oil","RawNH Organics","500 ml",349,199,398,"42% OFF","Out of Stock","Sunflower Oil",Instamart
2026-10-02,BANGALORE,"Gramiyaa wood cold pressed sunflower oil","Gramiyaa","1 ltr",590,336,336,"43% OFF","Out of Stock","Sunflower Oil",Instamart
2026-10-02,BANGALORE,"MustaPure Cold Pressed Sunflower Oil","MUSTAPURE","1 ltr",500,259,259,"48% OFF","Out of Stock","Sunflower Oil",Instamart
2026-10-02,BANGALORE,"Aroga Foods Cold pressed Sunflower Oil","Aroga Foods","1 ltr",600,439,439,"26% OFF","Out of Stock","Sunflower Oil",Instamart
2026-10-02,BANGALORE,"Randhanshala Cold Pressed Unfiltered Pure Sunflower Oil | Wooden Kohlu |No Added Color, Preservative","Randhanshala","1 ltr",650,650,650,"0%","Out of Stock","Sunflower Oil",Instamart
2026-10-02,BANGALORE,"organic tattva Organic Sunflower Oil Bottle","organic tattva","1 ltr x 2",1198,918,459,"23% OFF","Out of Stock","Sunflower Oil",Instamart
2026-10-02,BANGALORE,"organic tattva Organic Sunflower Oil Bottle","organic tattva","1 ltr",599,459,459,"23% OFF","Out of Stock","Sunflower Oil",Instamart
2026-10-02,BANGALORE,"Praakritik Organic Sunflower Oil","Praakritik","500 ml",275,194,388,"29% OFF","Out of Stock","Sunflower Oil",Instamart
2026-10-02,BANGALORE,"SONI FARMS Organic Sunflower Oil, Cold Pressed","SONI FARMS","1 ltr",550,403,403,"26% OFF","Out of Stock","Sunflower Oil",Instamart
2026-10-02,BANGALORE,"Indiyeah Virgin Coldpress Sunflower Oil","Indiyeah","1 ltr",649,364,364,"43% OFF","Out of Stock","Sunflower Oil",Instamart
2026-10-02,BANGALORE,"Jivo Cold Press Sunflower Oil","Jivo","500 ml",138,138,276,"0%","Out of Stock","Sunflower Oil",Instamart
2026-10-02,BANGALORE,"Anveshan Wood Pressed Sunflower Oil","Anveshan","5 ltr",2150,1769,354,"17% OFF","Out of Stock","Sunflower Oil",Instamart
2026-10-02,BANGALORE,"Pro Nature Organic Sunflower Oil","Pro Nature Organic","500 ml",269,266,532,"1% OFF","Out of Stock","Sunflower Oil",Instamart
2026-10-02,BANGALORE,"Fortune REF Sunflower Oil","Fortune","870 g",250,194,194,"22% OFF","In Stock","Sunflower Oil",Instamart
2026-10-02,BANGALORE,"Saffola Gold Refined Cooking Oil","Saffola","5 ltr",1350,1272,254,"5% OFF","In Stock","Other Oil",Instamart
2026-10-02,BANGALORE,"Fortune Sun Lite Refined sunflower oil","Fortune","1 ltr",215,167,167,"22% OFF","In Stock","Sunflower Oil",Instamart
2026-10-02,BANGALORE,"Sunpure Refined Sunflower Oil","Sunpure","1 ltr x 3",660,536,179,"18% OFF","In Stock","Sunflower Oil",Instamart
2026-10-02,BANGALORE,"Sunpure Refined Sunflower Oil","Sunpure","1 ltr",220,183,183,"16% OFF","In Stock","Sunflower Oil",Instamart
2026-10-02,CHENNAI,"INDICWISDOM Wood Cold Pressed Groundnut Oil (Extracted on Wooden Churner)","INDICWISDOM","1 ltr x 2",940,604,302,"35% OFF","In Stock","Groundnut Oil",Instamart
2026-10-02,CHENNAI,"INDICWISDOM Wood Cold Pressed Groundnut Oil (Extracted on Wooden Churner)","INDICWISDOM","1 ltr",470,302,302,"35% OFF","In Stock","Groundnut Oil",Instamart
2026-10-02,CHENNAI,"Earthen Story Organic Cold Pressed Groundndut Oil","Earthen Story","1 ltr",576,417,417,"27% OFF","In Stock","Other Oil",Instamart
2026-10-02,CHENNAI,"Cowberry Organic Cold-Pressed Groundnut Oil","Cowberry","1 ltr",500,500,500,"0%","In Stock","Groundnut Oil",Instamart
2026-10-02,CHENNAI,"GEM'S GOLD Cold Pressed Groundnut oil Bottle","GEM'S GOLD","1 ltr",340,215,215,"36% OFF","In Stock","Groundnut Oil",Instamart
2026-10-02,CHENNAI,"Tata Simply Better Cold Pressed Groundnut Oil, Pure and Unrefined","Tata Simply Better","1 ltr x 2",1050,738,369,"29% OFF","In Stock","Groundnut Oil",Instamart
2026-10-02,CHENNAI,"Tata Simply Better Cold Pressed Groundnut Oil, Pure and Unrefined","Tata Simply Better","1 ltr",525,369,369,"29% OFF","In Stock","Groundnut Oil",Instamart
2026-10-02,CHENNAI,"Natureland Organics Groundnut Oil Bottle","Natureland Organics","1 ltr",495,339,339,"31% OFF","In Stock","Groundnut Oil",Instamart
2026-10-02,CHENNAI,"TIME FOR ORGANICS - TFO Organic Cold pressed Mustard Oil","TIME FOR ORGANICS - TFO","2 ltr",793,785,393,"1% OFF","In Stock","Mustard Oil",Instamart
2026-10-02,CHENNAI,"Jivo Cold Pressed oil Groundnut Oil","Jivo","1 ltr",560,228,228,"59% OFF","In Stock","Groundnut Oil",Instamart
2026-10-02,CHENNAI,"INDICWISDOM Wood Cold Pressed Groundnut Oil (Extracted on Wooden Churner)","INDICWISDOM","5 ltr",2250,1495,299,"33% OFF","In Stock","Groundnut Oil",Instamart
2026-10-02,CHENNAI,"TIME FOR ORGANICS - TFO Organic Cold pressed Mustard Oil","TIME FOR ORGANICS - TFO","5 ltr",1904,1885,377,"1% OFF","In Stock","Mustard Oil",Instamart
2026-10-02,CHENNAI,"TIME FOR ORGANICS - TFO Oraganic Groundnut oil coldpressed","TIME FOR ORGANICS - TFO","5 ltr",2245,2223,445,"1% OFF","In Stock","Groundnut Oil",Instamart
2026-10-02,CHENNAI,"NATUREWAY Agmark Wood Cold Pressed Unrefined Groundnut Oil","NATUREWAY","1 ltr",350,271,271,"22% OFF","In Stock","Groundnut Oil",Instamart
2026-10-02,CHENNAI,"Two Brothers India Farms Wood Pressed Groundnut Peanut Single-Filtered Oil","Two Brothers India Farms","1 ltr",465,399,399,"14% OFF","In Stock","Groundnut Oil",Instamart
2026-10-02,CHENNAI,"TIME FOR ORGANICS - TFO Oraganic Groundnut oil coldpressed","TIME FOR ORGANICS - TFO","1 ltr",485,480,480,"1% OFF","In Stock","Groundnut Oil",Instamart
2026-10-02,CHENNAI,"TIME FOR ORGANICS - TFO Oraganic Groundnut oil coldpressed","TIME FOR ORGANICS - TFO","2 ltr",928,919,460,"1% OFF","In Stock","Groundnut Oil",Instamart
2026-10-02,CHENNAI,"Saffola Cold Pressed Groundnut Oil | 100% Cold Pressed Groundnut Oil | Helps Lower Cholesterol, Goodness of Omega 6 & Authentic Seed Flavour |","Saffola","2 ltr",900,626,313,"30% OFF","In Stock","Groundnut Oil",Instamart
2026-10-02,CHENNAI,"A TATA Product - Organic India Cold Pressed Groundnut Oil","Organic India","1 ltr",550,364,364,"33% OFF","In Stock","Groundnut Oil",Instamart
2026-10-02,CHENNAI,"24 Mantra Groundnut Oil","24 Mantra","1 ltr",550,450,450,"18% OFF","In Stock","Groundnut Oil",Instamart
2026-10-02,CHENNAI,"24 Mantra Groundnut Oil","24 Mantra","1 ltr x 2",1100,867,434,"21% OFF","Out of Stock","Groundnut Oil",Instamart
2026-10-02,CHENNAI,"Supreme Harvest Kachi Ghani Mustard Oil","Supreme Harvest","1 ltr",260,186,186,"28% OFF","In Stock","Mustard Oil",Instamart
2026-10-02,CHENNAI,"FarmSe Cold Pressed Groundnut Oil","FarmSe","1 ltr",400,249,249,"37% OFF","In Stock","Groundnut Oil",Instamart
2026-10-02,CHENNAI,"Gramiyaa Cold Pressed Groundnut Oil","Gramiyaa","500 ml",280,209,418,"25% OFF","In Stock","Groundnut Oil",Instamart
2026-10-02,CHENNAI,"Atharva Wooden Cold Pressed Seasame Oil","Atharva","1 ltr",569,454,454,"20% OFF","In Stock","Other Oil",Instamart
2026-10-02,CHENNAI,"Atharva  Wooden Cold Pressed Coconut Oil","Atharva","1 ltr",799,523,523,"34% OFF","In Stock","Coconut Oil",Instamart
2026-10-02,CHENNAI,"SAHASTHRA Cold Pressed Groundnut Oil","SAHASTHRA","1 ltr",440,299,299,"32% OFF","In Stock","Groundnut Oil",Instamart
2026-10-02,CHENNAI,"INDICWISDOM -Nava-Spray-Wood Pressed Groundnut Oil (No Aerosol/CFCs/Preservatives)(Cold Pressed-Extracted On Wooden Churner)","INDICWISDOM","250 ml",290,244,976,"15% OFF","In Stock","Groundnut Oil",Instamart
2026-10-02,CHENNAI,"Good Wave Wood Cold pressed Groundnut oil","Good Wave","1 ltr",450,377,377,"16% OFF","In Stock","Groundnut Oil",Instamart
2026-10-02,CHENNAI,"Sattvasoul Wood Pressed Groundnut Oil","Sattvasoul","1 ltr",599,460,460,"23% OFF","In Stock","Groundnut Oil",Instamart
2026-10-02,CHENNAI,"Jivo Cold Pressed oil Groundnut Oil","Jivo","5 ltr",2800,1139,228,"59% OFF","In Stock","Groundnut Oil",Instamart
2026-10-02,CHENNAI,"Phalada Pure & Sure Organic Cold Pressed Groundnut oil","Phalada Pure & Sure","2 ltr",864,536,268,"37% OFF","In Stock","Groundnut Oil",Instamart
2026-10-02,CHENNAI,"Saffola Cold Pressed Groundnut Oil | 100% Cold Pressed Groundnut Oil","Saffola","1 ltr x 2",900,634,317,"29% OFF","In Stock","Groundnut Oil",Instamart
2026-10-02,CHENNAI,"Saffola Cold Pressed Groundnut Oil | 100% Cold Pressed Groundnut Oil","Saffola","1 ltr",450,317,317,"29% OFF","In Stock","Groundnut Oil",Instamart
2026-10-02,CHENNAI,"24 Mantra Organic Cold Pressed Groundnut Oil","24 Mantra","5 ltr",2700,2179,436,"19% OFF","In Stock","Groundnut Oil",Instamart
2026-10-02,CHENNAI,"GEM'S GOLD Cold Pressed Groundnut oil Bottle","GEM'S GOLD","2 ltr",580,419,210,"27% OFF","In Stock","Groundnut Oil",Instamart
2026-10-02,CHENNAI,"Tata Simply Better Virgin Coconut Cold Pressed Oil, Pure and Unrefined","Tata Simply Better","500 ml",499,435,870,"12% OFF","In Stock","Coconut Oil",Instamart
2026-10-02,CHENNAI,"Gramiyaa Wood Cold Pressed Coconut Oil","Gramiyaa","1 ltr",1050,699,699,"33% OFF","In Stock","Coconut Oil",Instamart
2026-10-02,CHENNAI,"Coco Soul Cold Pressed Unrefined Virgin Coconut Oil 60% Mct Cholesterol Free- Makers Of Parachute","Coco Soul","250 ml",299,247,988,"17% OFF","In Stock","Coconut Oil",Instamart
2026-10-02,CHENNAI,"NATUREWAY Agmark Wood Cold Pressed Unrefined Coconut Oil","NATUREWAY","1 ltr",570,513,513,"10% OFF","In Stock","Coconut Oil",Instamart
2026-10-02,CHENNAI,"IndicWisdom-Nava-Spray-Wood Pressed Virgin Coconut Oil (No Aerosol/CFCs/Preservatives)(Cold Pressed-Extracted On Wooden Churner)","INDICWISDOM","250 ml",320,256,1024,"20% OFF","In Stock","Coconut Oil",Instamart
2026-10-02,CHENNAI,"INDICWISDOM Cold Pressed Mustard Oil , Pure & Unrefined Sarson Oil","INDICWISDOM","1 ltr",350,239,239,"31% OFF","In Stock","Mustard Oil",Instamart
2026-10-02,CHENNAI,"Indic Wisdom Cold Pressed Mustard Oil","INDICWISDOM","2 ltr",680,430,215,"36% OFF","In Stock","Mustard Oil",Instamart
2026-10-02,CHENNAI,"INDICWISDOM Wood Cold Pressed Coconut Oil (Extracted on Wooden Churner)","INDICWISDOM","500 ml",480,369,738,"23% OFF","In Stock","Coconut Oil",Instamart
2026-10-02,CHENNAI,"INDICWISDOM Wood Cold Pressed Sunflower Oil (Extracted on Wooden Churner)","INDICWISDOM","1 ltr",470,349,349,"25% OFF","In Stock","Sunflower Oil",Instamart
2026-10-02,CHENNAI,"INDICWISDOM Wood Cold Pressed Sunflower Oil (Extracted on Wooden Churner)","INDICWISDOM","1 ltr x 2",940,698,349,"25% OFF","Out of Stock","Sunflower Oil",Instamart
2026-10-02,CHENNAI,"INDICWISDOM Wood Cold Pressed White Sesame Oil (Extracted on Wooden Churner)","INDICWISDOM","500 ml",370,241,482,"34% OFF","In Stock","Sesame Oil",Instamart
2026-10-02,CHENNAI,"INDICWISDOM Wood Cold Pressed Coconut Oil (Extracted on Wooden Churner)","INDICWISDOM","1 ltr",920,624,624,"32% OFF","In Stock","Coconut Oil",Instamart
2026-10-02,CHENNAI,"INDICWISDOM -Nava-Spray-Wood Pressed Mustard Oil (No Aerosol/CFCs/Preservatives)(Cold Pressed-Extracted On Wooden Churner)","INDICWISDOM","250 ml",290,244,976,"15% OFF","In Stock","Mustard Oil",Instamart
2026-10-02,CHENNAI,"INDICWISDOM Wood Cold Pressed White Sesame Oil (Extracted on Wooden Churner)","INDICWISDOM","1 ltr",680,499,499,"26% OFF","In Stock","Sesame Oil",Instamart
2026-10-02,CHENNAI,"INDICWISDOM Wood Cold Pressed White Sesame Oil (Extracted on Wooden Churner)","INDICWISDOM","1 ltr x 2",1360,998,499,"26% OFF","Out of Stock","Sesame Oil",Instamart
2026-10-02,CHENNAI,"INDICWISDOM Wood Pressed Safflower Oil","INDICWISDOM","1 ltr",580,308,308,"46% OFF","Out of Stock","Safflower Oil",Instamart
2026-10-02,CHENNAI,"INDICWISDOM Nava-Spray-Wood Pressed Sunflower Oil (No Aerosol/CFCs/Preservatives)(Cold Pressed-Extracted On Wooden Churner)","INDICWISDOM","250 ml",290,244,976,"15% OFF","Out of Stock","Sunflower Oil",Instamart
2026-10-02,CHENNAI,"Tata Simply Better Virgin Coldpressed Coconut Oil","Tata Simply Better","250 ml",299,279,1116,"6% OFF","In Stock","Coconut Oil",Instamart
2026-10-02,CHENNAI,"Akshayakalpa Organic Cold Pressed Virgin Coconut Oil","Akshayakalpa","200 ml",318,274,1370,"13% OFF","In Stock","Coconut Oil",Instamart
2026-10-02,CHENNAI,"Klf Nirmal Virgin Coconut Oil","Klf","250 ml",279,258,1032,"7% OFF","In Stock","Coconut Oil",Instamart
2026-10-02,CHENNAI,"Tata Simply Better Virgin Coconut Cold Pressed Oil, Pure and Unrefined","Tata Simply Better","1 ltr",899,723,723,"19% OFF","In Stock","Coconut Oil",Instamart
2026-10-02,CHENNAI,"Brillare 100% Pure Coconut Oil | Cold Pressed Oil | For Strong Hair & Radiant Skin","Brillare","200 ml",395,324,1620,"17% OFF","In Stock","Coconut Oil",Instamart
2026-10-02,CHENNAI,"KARIKKU Coconut Oil","KARIKKU","1000 ml",510,333,333,"34% OFF","In Stock","Coconut Oil",Instamart
2026-10-02,CHENNAI,"KLF Coconad 100% Pure Coconut Oil","Klf","900 ml",365,338,376,"7% OFF","In Stock","Coconut Oil",Instamart
2026-10-02,CHENNAI,"Gramiyaa Cold Pressed Coconut Oil","Gramiyaa","500 ml",600,363,726,"39% OFF","In Stock","Coconut Oil",Instamart
2026-10-02,CHENNAI,"FarmSe Cold Pressed Coconut oil","FarmSe","1 ltr",900,477,477,"47% OFF","In Stock","Coconut Oil",Instamart
2026-10-02,CHENNAI,"Akshayakalpa Organic Cold Pressed Coconut Oil","Akshayakalpa","1 ltr",950,851,851,"10% OFF","In Stock","Coconut Oil",Instamart
2026-10-02,CHENNAI,"RAS Coconut Oil","RAS","500 ml",360,229,458,"36% OFF","In Stock","Coconut Oil",Instamart
2026-10-02,CHENNAI,"FreshMill Oils Cold Pressed Coconut Oil","FreshMill Oils","1 ltr",900,751,751,"16% OFF","In Stock","Coconut Oil",Instamart
2026-10-02,CHENNAI,"GKD Premium 100% Pure Coconut Oil","GKD Premium","500 ml",225,171,342,"24% OFF","In Stock","Coconut Oil",Instamart
2026-10-02,CHENNAI,"Kapiva Virgin Coconut Oil","Kapiva","500 ml",499,363,726,"27% OFF","In Stock","Coconut Oil",Instamart
2026-10-02,CHENNAI,"Kapiva Virgin Coconut Oil","Kapiva","500 ml x 2",998,726,1452,"27% OFF","Out of Stock","Coconut Oil",Instamart
2026-10-02,CHENNAI,"Anveshan Coconut Oil (Wood Pressed)","Anveshan","1 ltr",950,699,699,"26% OFF","In Stock","Coconut Oil",Instamart
2026-10-02,CHENNAI,"Anveshan Coconut Oil (Wood Pressed)","Anveshan","500 ml",550,399,798,"27% OFF","In Stock","Coconut Oil",Instamart
2026-10-02,CHENNAI,"Akshayakalpa Organic Cold Pressed Virgin Coconut Oil","Akshayakalpa","500 ml x 2",1398,1316,2632,"5% OFF","In Stock","Coconut Oil",Instamart
2026-10-02,CHENNAI,"Akshayakalpa Organic Cold Pressed Virgin Coconut Oil","Akshayakalpa","500 ml",699,658,1316,"5% OFF","In Stock","Coconut Oil",Instamart
2026-10-02,CHENNAI,"A TATA Product - Organic India Cold Pressed Virgin Coconut Oil","Organic India","500 ml",625,432,864,"30% OFF","In Stock","Coconut Oil",Instamart
2026-10-02,CHENNAI,"Tata Simply Better Cold Pressed Sesame Oil, Pure and Unrefined","Tata Simply Better","1 ltr",619,469,469,"24% OFF","In Stock","Sesame Oil",Instamart
2026-10-02,CHENNAI,"Tata Simply Better Cold Pressed Sesame Oil, Pure and Unrefined","Tata Simply Better","500 ml",340,302,604,"11% OFF","In Stock","Sesame Oil",Instamart
2026-10-02,CHENNAI,"Jivo First Pressed Sesame Oil | Gingelly Oil","Jivo","1 ltr",600,269,269,"55% OFF","In Stock","Sesame Oil",Instamart
2026-10-02,CHENNAI,"Klf Tilnad Pure Gingelly/Til Oil","Klf","500 ml",248,212,424,"14% OFF","In Stock","Sesame Oil",Instamart
2026-10-02,CHENNAI,"Patanjali Sesame Oil","Patanjali","1 ltr",300,296,296,"1% OFF","In Stock","Sesame Oil",Instamart
2026-10-02,CHENNAI,"Conscious Food Sesame Oil","Conscious Food","1 ltr",600,480,480,"20% OFF","In Stock","Sesame Oil",Instamart
2026-10-02,CHENNAI,"Gramiyaa Wood Cold Pressed Sesame Oil","Gramiyaa","1 ltr",750,518,518,"30% OFF","In Stock","Sesame Oil",Instamart
2026-10-02,CHENNAI,"Saffola Cold Pressed Sesame Oil | 100% Cold Pressed Sesame Seed Oil","Saffola","1 ltr",647,499,499,"22% OFF","In Stock","Sesame Oil",Instamart
2026-10-02,CHENNAI,"Anveshan Wood Pressed Black Sesame Gingelly Oil","Anveshan","1 ltr",645,529,529,"17% OFF","In Stock","Sesame Oil",Instamart
2026-10-02,CHENNAI,"Aroga Foods Wood Pressed Sesame Oil White","Aroga Foods","1 ltr",830,651,651,"21% OFF","In Stock","Sesame Oil",Instamart
2026-10-02,CHENNAI,"Gramiyum Cold Pressed Sesame Oil |Gingelly Oil","Gramiyum","1 ltr",470,426,426,"9% OFF","In Stock","Sesame Oil",Instamart
2026-10-02,CHENNAI,"Anveshan Black Sesame Oil (Wood Pressed)","Anveshan","500 ml",365,329,658,"9% OFF","In Stock","Sesame Oil",Instamart
2026-10-02,CHENNAI,"Praakritik Organic Sesame Oil","Praakritik","500 ml",495,355,710,"28% OFF","In Stock","Sesame Oil",Instamart
2026-10-02,CHENNAI,"Tilsona Til Oil Bottle","Tilsona","1 ltr",435,431,431,"1% OFF","In Stock","Sesame Oil",Instamart
2026-10-02,CHENNAI,"Tilsona Til Oil","Tilsona","500 ml",250,243,486,"2% OFF","In Stock","Sesame Oil",Instamart
2026-10-02,CHENNAI,"MustaPure Cold Pressed Sesame - Gingelly Oil","MUSTAPURE","1 ltr",500,315,315,"37% OFF","Out of Stock","Sesame Oil",Instamart
2026-10-02,CHENNAI,"SAHASTHRA Cold Pressed Sesame Oil","SAHASTHRA","1 ltr",639,507,507,"20% OFF","Out of Stock","Sesame Oil",Instamart
2026-10-02,CHENNAI,"Sutr Cold Pressed Sesame Oil","Sutr","250 ml",250,149,596,"40% OFF","Out of Stock","Sesame Oil",Instamart
2026-10-02,CHENNAI,"Jivika Naturals Cold Pressed Sesame Oil","Jivika Naturals","1 ltr",525,371,371,"29% OFF","Out of Stock","Sesame Oil",Instamart
2026-10-02,CHENNAI,"THANJAI UZHAVAN Cold Pressed Sesame Oil (Gingelly / Til Oil)","THANJAI UZHAVAN","500 ml",248,218,436,"12% OFF","Out of Stock","Sesame Oil",Instamart
2026-10-02,CHENNAI,"SUPREME HARVEST Cold Pressed Sesame Oil","Supreme Harvest","500 ml",500,500,1000,"0%","Out of Stock","Sesame Oil",Instamart
2026-10-02,CHENNAI,"Dabur Cold Pressed Sesame (Gingelly) Cooking Oil","Dabur","1 ltr",699,699,699,"0%","Out of Stock","Sesame Oil",Instamart
2026-10-02,CHENNAI,"NATUREWAY Agmark Wood Cold Pressed Unrefined Gingelly Oil","NATUREWAY","1 ltr",470,340,340,"27% OFF","Out of Stock","Sesame Oil",Instamart
2026-10-02,CHENNAI,"NATUREWAY Agmark Wood Cold Pressed Unrefined Gingelly Oil","NATUREWAY","500 ml",240,170,340,"29% OFF","Out of Stock","Sesame Oil",Instamart
2026-10-02,CHENNAI,"Aadhyam Gingelly Sesame Oil (Til Oil)","Aadhyam","500 ml",190,124,248,"34% OFF","Out of Stock","Sesame Oil",Instamart
2026-10-02,CHENNAI,"Aroga Foods Wood Pressed Sesame Oil White","Aroga Foods","500 ml",435,334,668,"23% OFF","Out of Stock","Sesame Oil",Instamart
2026-10-02,CHENNAI,"Anjali Coldpressed Gingelly .Sesame Oil","Anjali","450 ml",320,224,498,"30% OFF","Out of Stock","Sesame Oil",Instamart
2026-10-02,CHENNAI,"Anjali Coldpressed Gingelly Sesame Oil","Anjali","1 ltr",495,428,428,"13% OFF","Out of Stock","Sesame Oil",Instamart
2026-10-02,CHENNAI,"Indiyeah Virgin Coldpress White Sesame/Til Oil","Indiyeah","500 ml",389,389,778,"0%","Out of Stock","Sesame Oil",Instamart
2026-10-02,CHENNAI,"organic tattva Sesame Oil","organic tattva","1 ltr",699,573,573,"18% OFF","Out of Stock","Sesame Oil",Instamart
2026-10-02,CHENNAI,"Phalada Pure & Sure Organic Sesame Oil","Phalada Pure & Sure","1 ltr",650,424,424,"34% OFF","Out of Stock","Sesame Oil",Instamart
2026-10-02,CHENNAI,"Idhayam Gingelly Oil","Idhayam","500 ml x 2",486,448,896,"7% OFF","In Stock","Sesame Oil",Instamart
2026-10-02,CHENNAI,"Idhayam Gingelly Oil","Idhayam","500 ml",243,224,448,"7% OFF","In Stock","Sesame Oil",Instamart
2026-10-02,CHENNAI,"Idhayam Gingelly Oil","Idhayam","1 ltr x 2",964,886,443,"8% OFF","In Stock","Sesame Oil",Instamart
2026-10-02,CHENNAI,"Idhayam Gingelly Oil","Idhayam","1 ltr",482,443,443,"8% OFF","In Stock","Sesame Oil",Instamart
2026-10-02,CHENNAI,"Jivo Cold Press Kachi Ghani Mustard Oil","Jivo","1 ltr",255,189,189,"25% OFF","In Stock","Mustard Oil",Instamart
2026-10-02,CHENNAI,"Jivo First Pressed Yellow Mustard Oil","Jivo","1 ltr",355,209,209,"41% OFF","In Stock","Mustard Oil",Instamart
2026-10-02,CHENNAI,"Tata Simply Better Cold Pressed Mustard Oil, Pure and Unrefined","Tata Simply Better","1 ltr",375,291,291,"22% OFF","In Stock","Mustard Oil",Instamart
2026-10-02,CHENNAI,"Jivo Cold Press Kachi Ghani Mustard Oil","Jivo","200 ml",65,44,220,"32% OFF","In Stock","Mustard Oil",Instamart
2026-10-02,CHENNAI,"Tata Simply Better Cold Pressed Mustard Oil, Pure and Unrefined","Tata Simply Better","5 ltr",1599,1345,269,"15% OFF","In Stock","Mustard Oil",Instamart
2026-10-02,CHENNAI,"Saffola Cold Pressed Mustard Oil | 100% Cold Pressed Mustard Seed Oil | Helps Manage Cholesterol, Goodness of Omega 3 with Authentic Seed Flavour | Kachi Ghani Mustard Oil","Saffola","2 ltr",640,502,251,"21% OFF","In Stock","Mustard Oil",Instamart
2026-10-02,CHENNAI,"Fortune Kachi Ghani Mustard Oil","Fortune","1 ltr x 2",510,418,209,"18% OFF","In Stock","Mustard Oil",Instamart
2026-10-02,CHENNAI,"Fortune Kachi Ghani Mustard Oil","Fortune","1 ltr",255,209,209,"18% OFF","In Stock","Mustard Oil",Instamart
2026-10-02,CHENNAI,"Fortune Premio Cold Pressed Mustard Oil  pet","Fortune","1 ltr",425,380,380,"10% OFF","In Stock","Mustard Oil",Instamart
2026-10-02,CHENNAI,"Saffola Cold Pressed Mustard Oil | 100% Cold Pressed Mustard Seed Oil","Saffola","1 ltr x 2",640,570,285,"10% OFF","In Stock","Mustard Oil",Instamart
2026-10-02,CHENNAI,"Saffola Cold Pressed Mustard Oil | 100% Cold Pressed Mustard Seed Oil","Saffola","1 ltr",320,285,285,"10% OFF","In Stock","Mustard Oil",Instamart
2026-10-02,CHENNAI,"A TATA Product - Organic India Cold Pressed Mustard Oil (Kachi Ghani)","Organic India","1 ltr",419,280,280,"33% OFF","In Stock","Mustard Oil",Instamart
2026-10-02,CHENNAI,"Two Brothers India Farms Cold-Pressed Black Mustard Oil","Two Brothers India Farms","1 ltr",425,383,383,"9% OFF","In Stock","Mustard Oil",Instamart
2026-10-02,CHENNAI,"FarmSe Cold Pressed Mustard Oil","FarmSe","1 ltr",380,245,245,"35% OFF","In Stock","Mustard Oil",Instamart
2026-10-02,CHENNAI,"Fortune Pehli Dhaar Wood Pressed - Kachi Ghani Mustard Oil Bottle","Fortune Pehli Dhaar","1 ltr x 2",598,544,272,"9% OFF","In Stock","Mustard Oil",Instamart
2026-10-02,CHENNAI,"Fortune Pehli Dhaar Wood Pressed - Kachi Ghani Mustard Oil Bottle","Fortune Pehli Dhaar","1 ltr",299,272,272,"9% OFF","In Stock","Mustard Oil",Instamart
2026-10-02,CHENNAI,"Dhara Kachi Ghani Mustard Oil","Dhara","1 ltr",270,201,201,"25% OFF","In Stock","Mustard Oil",Instamart
2026-10-02,CHENNAI,"Anveshan Wood-Pressed Mustard Oil","Anveshan","3 ltr",1150,655,218,"43% OFF","In Stock","Mustard Oil",Instamart
2026-10-02,CHENNAI,"Patanjali Mustard Oil","Patanjali","1 ltr x 2",460,454,227,"1% OFF","In Stock","Mustard Oil",Instamart
2026-10-02,CHENNAI,"Patanjali Mustard Oil","Patanjali","1 ltr",230,227,227,"1% OFF","In Stock","Mustard Oil",Instamart
2026-10-02,CHENNAI,"Emami Healthy & Tasty Kachchi Ghani Mustard Oil Regular","Emami","910 g",205,197,197,"3% OFF","In Stock","Mustard Oil",Instamart
2026-10-02,CHENNAI,"Emami Healthy & Tasty Kachchi Ghani Mustard Oil Regular","Emami","910 g x 2",410,394,394,"3% OFF","Out of Stock","Mustard Oil",Instamart
2026-10-02,CHENNAI,"Emami Healthy & Tasty Kachchi Ghani Mustard Oil Strong","Emami","825 g",210,196,196,"6% OFF","In Stock","Mustard Oil",Instamart
2026-10-02,CHENNAI,"Jivo Cold Pressed Chemical Free Sunflower Oil","Jivo","1 ltr",275,198,198,"28% OFF","In Stock","Sunflower Oil",Instamart
2026-10-02,CHENNAI,"24 Mantra Organic Expeller Pressed Sunflower Oil","24 Mantra","1 ltr x 2",1100,669,335,"39% OFF","In Stock","Sunflower Oil",Instamart
2026-10-02,CHENNAI,"24 Mantra Organic Expeller Pressed Sunflower Oil","24 Mantra","1 ltr",550,340,340,"38% OFF","In Stock","Sunflower Oil",Instamart
2026-10-02,CHENNAI,"Natureland Organics Sunflower Oil","Natureland Organics","1 ltr x 2",990,646,323,"34% OFF","In Stock","Sunflower Oil",Instamart
2026-10-02,CHENNAI,"Natureland Organics Sunflower Oil","Natureland Organics","1 ltr",495,323,323,"34% OFF","In Stock","Sunflower Oil",Instamart
2026-10-02,CHENNAI,"Anveshan Sunflower Oil (Wood Pressed)","Anveshan","1 ltr",475,425,425,"10% OFF","In Stock","Sunflower Oil",Instamart
2026-10-02,CHENNAI,"Pro Nature Organic Sunflower Oil","Pro Nature Organic","1 ltr",499,322,322,"35% OFF","In Stock","Sunflower Oil",Instamart
2026-10-02,CHENNAI,"Tata Simply Better Cold Pressed Sunflower Oil, Pure and Unrefined","Tata Simply Better","1 ltr",599,489,489,"18% OFF","In Stock","Sunflower Oil",Instamart
2026-10-02,CHENNAI,"HARI:BOL Cold Pressed Sunflower Oil","Haribol","1 ltr",550,301,301,"45% OFF","In Stock","Sunflower Oil",Instamart
2026-10-02,CHENNAI,"A TATA Product - Organic India Cold Pressed Sunflower Oil","Organic India","1 ltr",540,388,388,"28% OFF","In Stock","Sunflower Oil",Instamart
2026-10-02,CHENNAI,"Anveshan Wood-Pressed Sunflower Oil","Anveshan","3 ltr",1375,902,301,"34% OFF","In Stock","Sunflower Oil",Instamart
2026-10-02,CHENNAI,"Jivo Cold Pressed Chemical Free Sunflower Oil","Jivo","5 ltr",1350,980,196,"27% OFF","In Stock","Sunflower Oil",Instamart
2026-10-02,CHENNAI,"Phalada Pure & Sure Organic Cold Pressed Sunflower oil","Phalada Pure & Sure","2 ltr",740,554,277,"25% OFF","In Stock","Sunflower Oil",Instamart
2026-10-02,CHENNAI,"Phalada Pure & Sure Organic Cold Pressed Sunflower Oil","Phalada Pure & Sure","1 ltr",460,325,325,"29% OFF","In Stock","Sunflower Oil",Instamart
2026-10-02,CHENNAI,"SAHASTHRA Cold Pressed Sunflower Oil","SAHASTHRA","1 ltr",499,306,306,"38% OFF","In Stock","Sunflower Oil",Instamart
2026-10-02,CHENNAI,"TIME FOR ORGANICS - TFO Organic Cold Pressed Sunflower Oil","TIME FOR ORGANICS - TFO","2 ltr",910,901,451,"1% OFF","In Stock","Sunflower Oil",Instamart
2026-10-02,CHENNAI,"TIME FOR ORGANICS - TFO Organic Cold Pressed Sunflower Oil","TIME FOR ORGANICS - TFO","1 ltr",476,471,471,"1% OFF","In Stock","Sunflower Oil",Instamart
2026-10-02,CHENNAI,"TIME FOR ORGANICS - TFO Organic Cold Pressed Sunflower Oil","TIME FOR ORGANICS - TFO","5 ltr",2196,2174,435,"1% OFF","In Stock","Sunflower Oil",Instamart
2026-10-02,CHENNAI,"Earthen Story Organic Cold Pressed Sunflower Oil","Earthen Story","1 ltr",475,449,449,"5% OFF","Out of Stock","Sunflower Oil",Instamart
2026-10-02,CHENNAI,"RawNH Organics Cold Pressed Sunflower Oil","RawNH Organics","500 ml",349,199,398,"42% OFF","Out of Stock","Sunflower Oil",Instamart
2026-10-02,CHENNAI,"Gramiyaa wood cold pressed sunflower oil","Gramiyaa","1 ltr",590,336,336,"43% OFF","Out of Stock","Sunflower Oil",Instamart
2026-10-02,CHENNAI,"MustaPure Cold Pressed Sunflower Oil","MUSTAPURE","1 ltr",500,259,259,"48% OFF","Out of Stock","Sunflower Oil",Instamart
2026-10-02,CHENNAI,"Aroga Foods Cold pressed Sunflower Oil","Aroga Foods","1 ltr",600,439,439,"26% OFF","Out of Stock","Sunflower Oil",Instamart
2026-10-02,CHENNAI,"Randhanshala Cold Pressed Unfiltered Pure Sunflower Oil | Wooden Kohlu |No Added Color, Preservative","Randhanshala","1 ltr",650,650,650,"0%","Out of Stock","Sunflower Oil",Instamart
2026-10-02,CHENNAI,"SONI FARMS Organic Sunflower Oil, Cold Pressed","SONI FARMS","1 ltr",550,403,403,"26% OFF","Out of Stock","Sunflower Oil",Instamart
2026-10-02,CHENNAI,"Indiyeah Virgin Coldpress Sunflower Oil","Indiyeah","1 ltr",649,364,364,"43% OFF","Out of Stock","Sunflower Oil",Instamart
2026-10-02,CHENNAI,"Jivo Cold Press Sunflower Oil","Jivo","500 ml",138,138,276,"0%","Out of Stock","Sunflower Oil",Instamart
2026-10-02,CHENNAI,"Anveshan Wood Pressed Sunflower Oil","Anveshan","5 ltr",2150,1769,354,"17% OFF","Out of Stock","Sunflower Oil",Instamart
2026-10-02,CHENNAI,"organic tattva Organic Sunflower Oil Bottle","organic tattva","1 ltr x 2",1198,918,459,"23% OFF","Out of Stock","Sunflower Oil",Instamart
2026-10-02,CHENNAI,"organic tattva Organic Sunflower Oil Bottle","organic tattva","1 ltr",599,459,459,"23% OFF","Out of Stock","Sunflower Oil",Instamart
2026-10-02,CHENNAI,"Pro Nature Organic Sunflower Oil","Pro Nature Organic","500 ml",269,266,532,"1% OFF","Out of Stock","Sunflower Oil",Instamart
2026-10-02,CHENNAI,"Praakritik Organic Sunflower Oil","Praakritik","500 ml",275,194,388,"29% OFF","Out of Stock","Sunflower Oil",Instamart
2026-10-02,CHENNAI,"Fortune REF Sunflower Oil","Fortune","870 g",250,194,194,"22% OFF","In Stock","Sunflower Oil",Instamart
2026-10-02,CHENNAI,"Saffola Gold Refined Cooking Oil","Saffola","5 ltr",1350,1272,254,"5% OFF","In Stock","Other Oil",Instamart
2026-10-02,CHENNAI,"Fortune Sun Lite Refined sunflower oil","Fortune","1 ltr",215,167,167,"22% OFF","In Stock","Sunflower Oil",Instamart
2026-10-02,CHENNAI,"Sunpure Refined Sunflower Oil","Sunpure","1 ltr x 3",660,536,179,"18% OFF","In Stock","Sunflower Oil",Instamart
2026-10-02,CHENNAI,"Sunpure Refined Sunflower Oil","Sunpure","1 ltr",220,183,183,"16% OFF","In Stock","Sunflower Oil",Instamart
2026-10-02,HYDERABAD,"INDICWISDOM Wood Cold Pressed Groundnut Oil (Extracted on Wooden Churner)","INDICWISDOM","1 ltr x 2",940,604,302,"35% OFF","In Stock","Groundnut Oil",Instamart
2026-10-02,HYDERABAD,"INDICWISDOM Wood Cold Pressed Groundnut Oil (Extracted on Wooden Churner)","INDICWISDOM","1 ltr",470,302,302,"35% OFF","In Stock","Groundnut Oil",Instamart
2026-10-02,HYDERABAD,"Earthen Story Organic Cold Pressed Groundndut Oil","Earthen Story","1 ltr",576,417,417,"27% OFF","In Stock","Other Oil",Instamart
2026-10-02,HYDERABAD,"Cowberry Organic Cold-Pressed Groundnut Oil","Cowberry","1 ltr",500,500,500,"0%","In Stock","Groundnut Oil",Instamart
2026-10-02,HYDERABAD,"GEM'S GOLD Cold Pressed Groundnut oil Bottle","GEM'S GOLD","1 ltr",340,215,215,"36% OFF","In Stock","Groundnut Oil",Instamart
2026-10-02,HYDERABAD,"Tata Simply Better Cold Pressed Groundnut Oil, Pure and Unrefined","Tata Simply Better","1 ltr x 2",1050,738,369,"29% OFF","In Stock","Groundnut Oil",Instamart
2026-10-02,HYDERABAD,"Tata Simply Better Cold Pressed Groundnut Oil, Pure and Unrefined","Tata Simply Better","1 ltr",525,369,369,"29% OFF","In Stock","Groundnut Oil",Instamart
2026-10-02,HYDERABAD,"Natureland Organics Groundnut Oil Bottle","Natureland Organics","1 ltr",495,339,339,"31% OFF","In Stock","Groundnut Oil",Instamart
2026-10-02,HYDERABAD,"TIME FOR ORGANICS - TFO Organic Cold pressed Mustard Oil","TIME FOR ORGANICS - TFO","2 ltr",793,785,393,"1% OFF","In Stock","Mustard Oil",Instamart
2026-10-02,HYDERABAD,"Jivo Cold Pressed oil Groundnut Oil","Jivo","1 ltr",560,228,228,"59% OFF","In Stock","Groundnut Oil",Instamart
2026-10-02,HYDERABAD,"INDICWISDOM Wood Cold Pressed Groundnut Oil (Extracted on Wooden Churner)","INDICWISDOM","5 ltr",2250,1495,299,"33% OFF","In Stock","Groundnut Oil",Instamart
2026-10-02,HYDERABAD,"TIME FOR ORGANICS - TFO Organic Cold pressed Mustard Oil","TIME FOR ORGANICS - TFO","5 ltr",1904,1885,377,"1% OFF","In Stock","Mustard Oil",Instamart
2026-10-02,HYDERABAD,"TIME FOR ORGANICS - TFO Oraganic Groundnut oil coldpressed","TIME FOR ORGANICS - TFO","5 ltr",2245,2223,445,"1% OFF","In Stock","Groundnut Oil",Instamart
2026-10-02,HYDERABAD,"NATUREWAY Agmark Wood Cold Pressed Unrefined Groundnut Oil","NATUREWAY","1 ltr",350,271,271,"22% OFF","In Stock","Groundnut Oil",Instamart
2026-10-02,HYDERABAD,"Two Brothers India Farms Wood Pressed Groundnut Peanut Single-Filtered Oil","Two Brothers India Farms","1 ltr",465,399,399,"14% OFF","In Stock","Groundnut Oil",Instamart
2026-10-02,HYDERABAD,"TIME FOR ORGANICS - TFO Oraganic Groundnut oil coldpressed","TIME FOR ORGANICS - TFO","1 ltr",485,480,480,"1% OFF","In Stock","Groundnut Oil",Instamart
2026-10-02,HYDERABAD,"TIME FOR ORGANICS - TFO Oraganic Groundnut oil coldpressed","TIME FOR ORGANICS - TFO","2 ltr",928,919,460,"1% OFF","In Stock","Groundnut Oil",Instamart
2026-10-02,HYDERABAD,"INDICWISDOM -Nava-Spray-Wood Pressed Groundnut Oil (No Aerosol/CFCs/Preservatives)(Cold Pressed-Extracted On Wooden Churner)","INDICWISDOM","250 ml",290,244,976,"15% OFF","In Stock","Groundnut Oil",Instamart
2026-10-02,HYDERABAD,"A TATA Product - Organic India Cold Pressed Groundnut Oil","Organic India","1 ltr",550,364,364,"33% OFF","In Stock","Groundnut Oil",Instamart
2026-10-02,HYDERABAD,"24 Mantra Groundnut Oil","24 Mantra","1 ltr",550,450,450,"18% OFF","In Stock","Groundnut Oil",Instamart
2026-10-02,HYDERABAD,"24 Mantra Groundnut Oil","24 Mantra","1 ltr x 2",1100,867,434,"21% OFF","Out of Stock","Groundnut Oil",Instamart
2026-10-02,HYDERABAD,"Supreme Harvest Kachi Ghani Mustard Oil","Supreme Harvest","1 ltr",260,186,186,"28% OFF","In Stock","Mustard Oil",Instamart
2026-10-02,HYDERABAD,"Gramiyaa Cold Pressed Groundnut Oil","Gramiyaa","500 ml",280,209,418,"25% OFF","In Stock","Groundnut Oil",Instamart
2026-10-02,HYDERABAD,"SAHASTHRA Cold Pressed Groundnut Oil","SAHASTHRA","1 ltr",440,299,299,"32% OFF","In Stock","Groundnut Oil",Instamart
2026-10-02,HYDERABAD,"Atharva Wooden Cold Pressed Seasame Oil","Atharva","1 ltr",569,454,454,"20% OFF","In Stock","Other Oil",Instamart
2026-10-02,HYDERABAD,"Atharva  Wooden Cold Pressed Coconut Oil","Atharva","1 ltr",799,523,523,"34% OFF","In Stock","Coconut Oil",Instamart
2026-10-02,HYDERABAD,"FarmSe Cold Pressed Groundnut Oil","FarmSe","1 ltr",400,249,249,"37% OFF","In Stock","Groundnut Oil",Instamart
2026-10-02,HYDERABAD,"Good Wave Wood Cold pressed Groundnut oil","Good Wave","1 ltr",450,377,377,"16% OFF","In Stock","Groundnut Oil",Instamart
2026-10-02,HYDERABAD,"Sattvasoul Wood Pressed Groundnut Oil","Sattvasoul","1 ltr",599,460,460,"23% OFF","In Stock","Groundnut Oil",Instamart
2026-10-02,HYDERABAD,"Jivo Cold Pressed oil Groundnut Oil","Jivo","5 ltr",2800,1139,228,"59% OFF","In Stock","Groundnut Oil",Instamart
2026-10-02,HYDERABAD,"Saffola Cold Pressed Groundnut Oil | 100% Cold Pressed Groundnut Oil","Saffola","1 ltr x 2",900,634,317,"29% OFF","In Stock","Groundnut Oil",Instamart
2026-10-02,HYDERABAD,"Saffola Cold Pressed Groundnut Oil | 100% Cold Pressed Groundnut Oil","Saffola","1 ltr",450,317,317,"29% OFF","In Stock","Groundnut Oil",Instamart
2026-10-02,HYDERABAD,"24 Mantra Organic Cold Pressed Groundnut Oil","24 Mantra","5 ltr",2700,2179,436,"19% OFF","In Stock","Groundnut Oil",Instamart
2026-10-02,HYDERABAD,"GEM'S GOLD Cold Pressed Groundnut oil","GEM'S GOLD","500 ml",180,129,258,"28% OFF","In Stock","Groundnut Oil",Instamart
2026-10-02,HYDERABAD,"RAS Chekku Groundnut Oil","RAS","1 ltr",462,309,309,"33% OFF","In Stock","Groundnut Oil",Instamart
2026-10-02,HYDERABAD,"GEM'S GOLD Cold Pressed Groundnut oil Bottle","GEM'S GOLD","2 ltr",580,419,210,"27% OFF","In Stock","Groundnut Oil",Instamart
2026-10-02,HYDERABAD,"Tata Simply Better Virgin Coconut Cold Pressed Oil, Pure and Unrefined","Tata Simply Better","500 ml",499,435,870,"12% OFF","In Stock","Coconut Oil",Instamart
2026-10-02,HYDERABAD,"Gramiyaa Wood Cold Pressed Coconut Oil","Gramiyaa","1 ltr",1050,699,699,"33% OFF","In Stock","Coconut Oil",Instamart
2026-10-02,HYDERABAD,"Coco Soul Cold Pressed Unrefined Virgin Coconut Oil 60% Mct Cholesterol Free- Makers Of Parachute","Coco Soul","250 ml",299,247,988,"17% OFF","In Stock","Coconut Oil",Instamart
2026-10-02,HYDERABAD,"NATUREWAY Agmark Wood Cold Pressed Unrefined Coconut Oil","NATUREWAY","1 ltr",570,513,513,"10% OFF","In Stock","Coconut Oil",Instamart
2026-10-02,HYDERABAD,"IndicWisdom-Nava-Spray-Wood Pressed Virgin Coconut Oil (No Aerosol/CFCs/Preservatives)(Cold Pressed-Extracted On Wooden Churner)","INDICWISDOM","250 ml",320,256,1024,"20% OFF","In Stock","Coconut Oil",Instamart
2026-10-02,HYDERABAD,"INDICWISDOM Cold Pressed Mustard Oil , Pure & Unrefined Sarson Oil","INDICWISDOM","1 ltr",350,239,239,"31% OFF","In Stock","Mustard Oil",Instamart
2026-10-02,HYDERABAD,"Indic Wisdom Cold Pressed Mustard Oil","INDICWISDOM","2 ltr",680,430,215,"36% OFF","In Stock","Mustard Oil",Instamart
2026-10-02,HYDERABAD,"INDICWISDOM Wood Cold Pressed Coconut Oil (Extracted on Wooden Churner)","INDICWISDOM","500 ml",480,369,738,"23% OFF","In Stock","Coconut Oil",Instamart
2026-10-02,HYDERABAD,"INDICWISDOM Wood Cold Pressed Sunflower Oil (Extracted on Wooden Churner)","INDICWISDOM","1 ltr",470,349,349,"25% OFF","In Stock","Sunflower Oil",Instamart
2026-10-02,HYDERABAD,"INDICWISDOM Wood Cold Pressed Sunflower Oil (Extracted on Wooden Churner)","INDICWISDOM","1 ltr x 2",940,698,349,"25% OFF","Out of Stock","Sunflower Oil",Instamart
2026-10-02,HYDERABAD,"INDICWISDOM Wood Cold Pressed White Sesame Oil (Extracted on Wooden Churner)","INDICWISDOM","500 ml",370,241,482,"34% OFF","In Stock","Sesame Oil",Instamart
2026-10-02,HYDERABAD,"INDICWISDOM Wood Cold Pressed Coconut Oil (Extracted on Wooden Churner)","INDICWISDOM","1 ltr",920,624,624,"32% OFF","In Stock","Coconut Oil",Instamart
2026-10-02,HYDERABAD,"INDICWISDOM -Nava-Spray-Wood Pressed Mustard Oil (No Aerosol/CFCs/Preservatives)(Cold Pressed-Extracted On Wooden Churner)","INDICWISDOM","250 ml",290,244,976,"15% OFF","In Stock","Mustard Oil",Instamart
2026-10-02,HYDERABAD,"INDICWISDOM Wood Cold Pressed White Sesame Oil (Extracted on Wooden Churner)","INDICWISDOM","1 ltr",680,499,499,"26% OFF","In Stock","Sesame Oil",Instamart
2026-10-02,HYDERABAD,"INDICWISDOM Wood Cold Pressed White Sesame Oil (Extracted on Wooden Churner)","INDICWISDOM","1 ltr x 2",1360,998,499,"26% OFF","Out of Stock","Sesame Oil",Instamart
2026-10-02,HYDERABAD,"INDICWISDOM Wood Pressed Safflower Oil","INDICWISDOM","1 ltr",580,308,308,"46% OFF","Out of Stock","Safflower Oil",Instamart
2026-10-02,HYDERABAD,"INDICWISDOM Nava-Spray-Wood Pressed Sunflower Oil (No Aerosol/CFCs/Preservatives)(Cold Pressed-Extracted On Wooden Churner)","INDICWISDOM","250 ml",290,244,976,"15% OFF","Out of Stock","Sunflower Oil",Instamart
2026-10-02,HYDERABAD,"Tata Simply Better Virgin Coldpressed Coconut Oil","Tata Simply Better","250 ml",299,279,1116,"6% OFF","In Stock","Coconut Oil",Instamart
2026-10-02,HYDERABAD,"Akshayakalpa Organic Cold Pressed Virgin Coconut Oil","Akshayakalpa","200 ml",318,274,1370,"13% OFF","In Stock","Coconut Oil",Instamart
2026-10-02,HYDERABAD,"Klf Nirmal Virgin Coconut Oil","Klf","250 ml",279,258,1032,"7% OFF","In Stock","Coconut Oil",Instamart
2026-10-02,HYDERABAD,"Tata Simply Better Virgin Coconut Cold Pressed Oil, Pure and Unrefined","Tata Simply Better","1 ltr",899,723,723,"19% OFF","In Stock","Coconut Oil",Instamart
2026-10-02,HYDERABAD,"Brillare 100% Pure Coconut Oil | Cold Pressed Oil | For Strong Hair & Radiant Skin","Brillare","200 ml",395,324,1620,"17% OFF","In Stock","Coconut Oil",Instamart
2026-10-02,HYDERABAD,"KARIKKU Coconut Oil","KARIKKU","1000 ml",510,333,333,"34% OFF","In Stock","Coconut Oil",Instamart
2026-10-02,HYDERABAD,"KLF Coconad 100% Pure Coconut Oil","Klf","900 ml",365,338,376,"7% OFF","In Stock","Coconut Oil",Instamart
2026-10-02,HYDERABAD,"Gramiyaa Cold Pressed Coconut Oil","Gramiyaa","500 ml",600,363,726,"39% OFF","In Stock","Coconut Oil",Instamart
2026-10-02,HYDERABAD,"FarmSe Cold Pressed Coconut oil","FarmSe","1 ltr",900,477,477,"47% OFF","In Stock","Coconut Oil",Instamart
2026-10-02,HYDERABAD,"Akshayakalpa Organic Cold Pressed Coconut Oil","Akshayakalpa","1 ltr",950,851,851,"10% OFF","In Stock","Coconut Oil",Instamart
2026-10-02,HYDERABAD,"RAS Coconut Oil","RAS","500 ml",360,229,458,"36% OFF","In Stock","Coconut Oil",Instamart
2026-10-02,HYDERABAD,"FreshMill Oils Cold Pressed Coconut Oil","FreshMill Oils","1 ltr",900,751,751,"16% OFF","In Stock","Coconut Oil",Instamart
2026-10-02,HYDERABAD,"GKD Premium 100% Pure Coconut Oil","GKD Premium","500 ml",225,171,342,"24% OFF","In Stock","Coconut Oil",Instamart
2026-10-02,HYDERABAD,"Kapiva Virgin Coconut Oil","Kapiva","500 ml",499,363,726,"27% OFF","In Stock","Coconut Oil",Instamart
2026-10-02,HYDERABAD,"Kapiva Virgin Coconut Oil","Kapiva","500 ml x 2",998,726,1452,"27% OFF","Out of Stock","Coconut Oil",Instamart
2026-10-02,HYDERABAD,"Anveshan Coconut Oil (Wood Pressed)","Anveshan","1 ltr",950,699,699,"26% OFF","In Stock","Coconut Oil",Instamart
2026-10-02,HYDERABAD,"Anveshan Coconut Oil (Wood Pressed)","Anveshan","500 ml",550,399,798,"27% OFF","In Stock","Coconut Oil",Instamart
2026-10-02,HYDERABAD,"Akshayakalpa Organic Cold Pressed Virgin Coconut Oil","Akshayakalpa","500 ml x 2",1398,1316,2632,"5% OFF","In Stock","Coconut Oil",Instamart
2026-10-02,HYDERABAD,"Akshayakalpa Organic Cold Pressed Virgin Coconut Oil","Akshayakalpa","500 ml",699,658,1316,"5% OFF","In Stock","Coconut Oil",Instamart
2026-10-02,HYDERABAD,"A TATA Product - Organic India Cold Pressed Virgin Coconut Oil","Organic India","500 ml",625,432,864,"30% OFF","In Stock","Coconut Oil",Instamart
2026-10-02,HYDERABAD,"Tata Simply Better Cold Pressed Sesame Oil, Pure and Unrefined","Tata Simply Better","1 ltr",619,469,469,"24% OFF","In Stock","Sesame Oil",Instamart
2026-10-02,HYDERABAD,"Tata Simply Better Cold Pressed Sesame Oil, Pure and Unrefined","Tata Simply Better","500 ml",340,302,604,"11% OFF","In Stock","Sesame Oil",Instamart
2026-10-02,HYDERABAD,"Jivo First Pressed Sesame Oil | Gingelly Oil","Jivo","1 ltr",600,269,269,"55% OFF","In Stock","Sesame Oil",Instamart
2026-10-02,HYDERABAD,"Klf Tilnad Pure Gingelly/Til Oil","Klf","500 ml",248,212,424,"14% OFF","In Stock","Sesame Oil",Instamart
2026-10-02,HYDERABAD,"Patanjali Sesame Oil","Patanjali","1 ltr",300,296,296,"1% OFF","In Stock","Sesame Oil",Instamart
2026-10-02,HYDERABAD,"Conscious Food Sesame Oil","Conscious Food","1 ltr",600,480,480,"20% OFF","In Stock","Sesame Oil",Instamart
2026-10-02,HYDERABAD,"Gramiyaa Wood Cold Pressed Sesame Oil","Gramiyaa","1 ltr",750,518,518,"30% OFF","In Stock","Sesame Oil",Instamart
2026-10-02,HYDERABAD,"Saffola Cold Pressed Sesame Oil | 100% Cold Pressed Sesame Seed Oil","Saffola","1 ltr",647,499,499,"22% OFF","In Stock","Sesame Oil",Instamart
2026-10-02,HYDERABAD,"Anveshan Wood Pressed Black Sesame Gingelly Oil","Anveshan","1 ltr",645,529,529,"17% OFF","In Stock","Sesame Oil",Instamart
2026-10-02,HYDERABAD,"Aroga Foods Wood Pressed Sesame Oil White","Aroga Foods","1 ltr",830,651,651,"21% OFF","In Stock","Sesame Oil",Instamart
2026-10-02,HYDERABAD,"Gramiyum Cold Pressed Sesame Oil |Gingelly Oil","Gramiyum","1 ltr",470,426,426,"9% OFF","In Stock","Sesame Oil",Instamart
2026-10-02,HYDERABAD,"Anveshan Black Sesame Oil (Wood Pressed)","Anveshan","500 ml",365,329,658,"9% OFF","In Stock","Sesame Oil",Instamart
2026-10-02,HYDERABAD,"Praakritik Organic Sesame Oil","Praakritik","500 ml",495,355,710,"28% OFF","In Stock","Sesame Oil",Instamart
2026-10-02,HYDERABAD,"Tilsona Til Oil","Tilsona","500 ml",250,243,486,"2% OFF","In Stock","Sesame Oil",Instamart
2026-10-02,HYDERABAD,"Tilsona Til Oil Bottle","Tilsona","1 ltr",435,431,431,"1% OFF","In Stock","Sesame Oil",Instamart
2026-10-02,HYDERABAD,"MustaPure Cold Pressed Sesame - Gingelly Oil","MUSTAPURE","1 ltr",500,315,315,"37% OFF","Out of Stock","Sesame Oil",Instamart
2026-10-02,HYDERABAD,"SAHASTHRA Cold Pressed Sesame Oil","SAHASTHRA","1 ltr",639,507,507,"20% OFF","Out of Stock","Sesame Oil",Instamart
2026-10-02,HYDERABAD,"Sutr Cold Pressed Sesame Oil","Sutr","250 ml",250,149,596,"40% OFF","Out of Stock","Sesame Oil",Instamart
2026-10-02,HYDERABAD,"Jivika Naturals Cold Pressed Sesame Oil","Jivika Naturals","1 ltr",525,371,371,"29% OFF","Out of Stock","Sesame Oil",Instamart
2026-10-02,HYDERABAD,"THANJAI UZHAVAN Cold Pressed Sesame Oil (Gingelly / Til Oil)","THANJAI UZHAVAN","500 ml",248,218,436,"12% OFF","Out of Stock","Sesame Oil",Instamart
2026-10-02,HYDERABAD,"SUPREME HARVEST Cold Pressed Sesame Oil","Supreme Harvest","500 ml",500,500,1000,"0%","Out of Stock","Sesame Oil",Instamart
2026-10-02,HYDERABAD,"Dabur Cold Pressed Sesame (Gingelly) Cooking Oil","Dabur","1 ltr",699,699,699,"0%","Out of Stock","Sesame Oil",Instamart
2026-10-02,HYDERABAD,"NATUREWAY Agmark Wood Cold Pressed Unrefined Gingelly Oil","NATUREWAY","1 ltr",470,340,340,"27% OFF","Out of Stock","Sesame Oil",Instamart
2026-10-02,HYDERABAD,"NATUREWAY Agmark Wood Cold Pressed Unrefined Gingelly Oil","NATUREWAY","500 ml",240,170,340,"29% OFF","Out of Stock","Sesame Oil",Instamart
2026-10-02,HYDERABAD,"organic tattva Sesame Oil","organic tattva","1 ltr",699,573,573,"18% OFF","Out of Stock","Sesame Oil",Instamart
2026-10-02,HYDERABAD,"Anjali Coldpressed Gingelly .Sesame Oil","Anjali","450 ml",320,224,498,"30% OFF","Out of Stock","Sesame Oil",Instamart
2026-10-02,HYDERABAD,"Anjali Coldpressed Gingelly Sesame Oil","Anjali","1 ltr",495,428,428,"13% OFF","Out of Stock","Sesame Oil",Instamart
2026-10-02,HYDERABAD,"Indiyeah Virgin Coldpress White Sesame/Til Oil","Indiyeah","500 ml",389,389,778,"0%","Out of Stock","Sesame Oil",Instamart
2026-10-02,HYDERABAD,"Aadhyam Gingelly Sesame Oil (Til Oil)","Aadhyam","500 ml",190,124,248,"34% OFF","Out of Stock","Sesame Oil",Instamart
2026-10-02,HYDERABAD,"Aroga Foods Wood Pressed Sesame Oil White","Aroga Foods","500 ml",435,334,668,"23% OFF","Out of Stock","Sesame Oil",Instamart
2026-10-02,HYDERABAD,"Phalada Pure & Sure Organic Sesame Oil","Phalada Pure & Sure","1 ltr",650,424,424,"34% OFF","Out of Stock","Sesame Oil",Instamart
2026-10-02,HYDERABAD,"Idhayam Gingelly Oil","Idhayam","500 ml x 2",486,448,896,"7% OFF","In Stock","Sesame Oil",Instamart
2026-10-02,HYDERABAD,"Idhayam Gingelly Oil","Idhayam","500 ml",243,224,448,"7% OFF","In Stock","Sesame Oil",Instamart
2026-10-02,HYDERABAD,"Idhayam Gingelly Oil","Idhayam","1 ltr x 2",964,886,443,"8% OFF","In Stock","Sesame Oil",Instamart
2026-10-02,HYDERABAD,"Idhayam Gingelly Oil","Idhayam","1 ltr",482,443,443,"8% OFF","In Stock","Sesame Oil",Instamart
2026-10-02,HYDERABAD,"Jivo Cold Pressed Chemical Free Sunflower Oil","Jivo","1 ltr",275,198,198,"28% OFF","In Stock","Sunflower Oil",Instamart
2026-10-02,HYDERABAD,"24 Mantra Organic Expeller Pressed Sunflower Oil","24 Mantra","1 ltr x 2",1100,669,335,"39% OFF","In Stock","Sunflower Oil",Instamart
2026-10-02,HYDERABAD,"24 Mantra Organic Expeller Pressed Sunflower Oil","24 Mantra","1 ltr",550,340,340,"38% OFF","In Stock","Sunflower Oil",Instamart
2026-10-02,HYDERABAD,"Natureland Organics Sunflower Oil","Natureland Organics","1 ltr x 2",990,646,323,"34% OFF","In Stock","Sunflower Oil",Instamart
2026-10-02,HYDERABAD,"Natureland Organics Sunflower Oil","Natureland Organics","1 ltr",495,323,323,"34% OFF","In Stock","Sunflower Oil",Instamart
2026-10-02,HYDERABAD,"Anveshan Sunflower Oil (Wood Pressed)","Anveshan","1 ltr",475,425,425,"10% OFF","In Stock","Sunflower Oil",Instamart
2026-10-02,HYDERABAD,"Pro Nature Organic Sunflower Oil","Pro Nature Organic","1 ltr",499,322,322,"35% OFF","In Stock","Sunflower Oil",Instamart
2026-10-02,HYDERABAD,"Tata Simply Better Cold Pressed Sunflower Oil, Pure and Unrefined","Tata Simply Better","1 ltr",599,489,489,"18% OFF","In Stock","Sunflower Oil",Instamart
2026-10-02,HYDERABAD,"HARI:BOL Cold Pressed Sunflower Oil","Haribol","1 ltr",550,301,301,"45% OFF","In Stock","Sunflower Oil",Instamart
2026-10-02,HYDERABAD,"A TATA Product - Organic India Cold Pressed Sunflower Oil","Organic India","1 ltr",540,388,388,"28% OFF","In Stock","Sunflower Oil",Instamart
2026-10-02,HYDERABAD,"Anveshan Wood-Pressed Sunflower Oil","Anveshan","3 ltr",1375,902,301,"34% OFF","In Stock","Sunflower Oil",Instamart
2026-10-02,HYDERABAD,"Jivo Cold Pressed Chemical Free Sunflower Oil","Jivo","5 ltr",1350,980,196,"27% OFF","In Stock","Sunflower Oil",Instamart
2026-10-02,HYDERABAD,"Phalada Pure & Sure Organic Cold Pressed Sunflower oil","Phalada Pure & Sure","2 ltr",740,554,277,"25% OFF","In Stock","Sunflower Oil",Instamart
2026-10-02,HYDERABAD,"Phalada Pure & Sure Organic Cold Pressed Sunflower Oil","Phalada Pure & Sure","1 ltr",460,325,325,"29% OFF","In Stock","Sunflower Oil",Instamart
2026-10-02,HYDERABAD,"SAHASTHRA Cold Pressed Sunflower Oil","SAHASTHRA","1 ltr",499,306,306,"38% OFF","In Stock","Sunflower Oil",Instamart
2026-10-02,HYDERABAD,"TIME FOR ORGANICS - TFO Organic Cold Pressed Sunflower Oil","TIME FOR ORGANICS - TFO","2 ltr",910,901,451,"1% OFF","In Stock","Sunflower Oil",Instamart
2026-10-02,HYDERABAD,"TIME FOR ORGANICS - TFO Organic Cold Pressed Sunflower Oil","TIME FOR ORGANICS - TFO","1 ltr",476,471,471,"1% OFF","In Stock","Sunflower Oil",Instamart
2026-10-02,HYDERABAD,"TIME FOR ORGANICS - TFO Organic Cold Pressed Sunflower Oil","TIME FOR ORGANICS - TFO","5 ltr",2196,2174,435,"1% OFF","In Stock","Sunflower Oil",Instamart
2026-10-02,HYDERABAD,"Earthen Story Organic Cold Pressed Sunflower Oil","Earthen Story","1 ltr",475,449,449,"5% OFF","Out of Stock","Sunflower Oil",Instamart
2026-10-02,HYDERABAD,"RawNH Organics Cold Pressed Sunflower Oil","RawNH Organics","500 ml",349,199,398,"42% OFF","Out of Stock","Sunflower Oil",Instamart
2026-10-02,HYDERABAD,"Gramiyaa wood cold pressed sunflower oil","Gramiyaa","1 ltr",590,336,336,"43% OFF","Out of Stock","Sunflower Oil",Instamart
2026-10-02,HYDERABAD,"MustaPure Cold Pressed Sunflower Oil","MUSTAPURE","1 ltr",500,259,259,"48% OFF","Out of Stock","Sunflower Oil",Instamart
2026-10-02,HYDERABAD,"Aroga Foods Cold pressed Sunflower Oil","Aroga Foods","1 ltr",600,439,439,"26% OFF","Out of Stock","Sunflower Oil",Instamart
2026-10-02,HYDERABAD,"Randhanshala Cold Pressed Unfiltered Pure Sunflower Oil | Wooden Kohlu |No Added Color, Preservative","Randhanshala","1 ltr",650,650,650,"0%","Out of Stock","Sunflower Oil",Instamart
2026-10-02,HYDERABAD,"organic tattva Organic Sunflower Oil Bottle","organic tattva","1 ltr x 2",1198,918,459,"23% OFF","Out of Stock","Sunflower Oil",Instamart
2026-10-02,HYDERABAD,"organic tattva Organic Sunflower Oil Bottle","organic tattva","1 ltr",599,459,459,"23% OFF","Out of Stock","Sunflower Oil",Instamart
2026-10-02,HYDERABAD,"Praakritik Organic Sunflower Oil","Praakritik","500 ml",275,194,388,"29% OFF","Out of Stock","Sunflower Oil",Instamart
2026-10-02,HYDERABAD,"SONI FARMS Organic Sunflower Oil, Cold Pressed","SONI FARMS","1 ltr",550,403,403,"26% OFF","Out of Stock","Sunflower Oil",Instamart
2026-10-02,HYDERABAD,"Indiyeah Virgin Coldpress Sunflower Oil","Indiyeah","1 ltr",649,364,364,"43% OFF","Out of Stock","Sunflower Oil",Instamart
2026-10-02,HYDERABAD,"Jivo Cold Press Sunflower Oil","Jivo","500 ml",138,138,276,"0%","Out of Stock","Sunflower Oil",Instamart
2026-10-02,HYDERABAD,"Anveshan Wood Pressed Sunflower Oil","Anveshan","5 ltr",2150,1769,354,"17% OFF","Out of Stock","Sunflower Oil",Instamart
2026-10-02,HYDERABAD,"Pro Nature Organic Sunflower Oil","Pro Nature Organic","500 ml",269,266,532,"1% OFF","Out of Stock","Sunflower Oil",Instamart
2026-10-02,HYDERABAD,"Fortune REF Sunflower Oil","Fortune","870 g",250,194,194,"22% OFF","In Stock","Sunflower Oil",Instamart
2026-10-02,HYDERABAD,"Saffola Gold Refined Cooking Oil","Saffola","5 ltr",1350,1272,254,"5% OFF","In Stock","Other Oil",Instamart
2026-10-02,HYDERABAD,"Fortune Sun Lite Refined sunflower oil","Fortune","1 ltr",215,167,167,"22% OFF","In Stock","Sunflower Oil",Instamart
2026-10-02,HYDERABAD,"Sunpure Refined Sunflower Oil","Sunpure","1 ltr x 3",660,536,179,"18% OFF","In Stock","Sunflower Oil",Instamart
2026-10-02,HYDERABAD,"Sunpure Refined Sunflower Oil","Sunpure","1 ltr",220,183,183,"16% OFF","In Stock","Sunflower Oil",Instamart
2026-10-02,MUMBAI,"INDICWISDOM Wood Cold Pressed Groundnut Oil (Extracted on Wooden Churner)","INDICWISDOM","1 ltr",470,302,302,"35% OFF","In Stock","Groundnut Oil",Instamart
2026-10-02,MUMBAI,"Gulab Cold Pressed Groundnut Oil","Gulab","5 ltr",2050,1299,260,"36% OFF","In Stock","Groundnut Oil",Instamart
2026-10-02,MUMBAI,"Atharva Wooden Cold Pressed Groundnut Oil","Atharva","1 ltr",439,268,268,"38% OFF","In Stock","Groundnut Oil",Instamart
2026-10-02,MUMBAI,"Anveshan Groundnut Oil (Wood Pressed)","Anveshan","1 ltr x 2",850,718,359,"15% OFF","In Stock","Groundnut Oil",Instamart
2026-10-02,MUMBAI,"Anveshan Groundnut Oil (Wood Pressed)","Anveshan","1 ltr",425,359,359,"15% OFF","In Stock","Groundnut Oil",Instamart
2026-10-02,MUMBAI,"Anveshan Wood-Pressed Groundnut Oil","Anveshan","3 ltr",1250,847,282,"32% OFF","In Stock","Groundnut Oil",Instamart
2026-10-02,MUMBAI,"Natureland Organics Groundnut Oil Bottle","Natureland Organics","1 ltr",495,339,339,"31% OFF","In Stock","Groundnut Oil",Instamart
2026-10-02,MUMBAI,"TIME FOR ORGANICS - TFO Organic Cold pressed Mustard Oil","TIME FOR ORGANICS - TFO","2 ltr",793,785,393,"1% OFF","In Stock","Mustard Oil",Instamart
2026-10-02,MUMBAI,"GEM'S GOLD Cold Pressed Groundnut oil Bottle","GEM'S GOLD","1 ltr",340,215,215,"36% OFF","In Stock","Groundnut Oil",Instamart
2026-10-02,MUMBAI,"Tata Simply Better Cold Pressed Groundnut Oil, Pure and Unrefined","Tata Simply Better","1 ltr x 2",1050,738,369,"29% OFF","In Stock","Groundnut Oil",Instamart
2026-10-02,MUMBAI,"Tata Simply Better Cold Pressed Groundnut Oil, Pure and Unrefined","Tata Simply Better","1 ltr",525,369,369,"29% OFF","In Stock","Groundnut Oil",Instamart
2026-10-02,MUMBAI,"TIME FOR ORGANICS - TFO Organic Cold pressed Mustard Oil","TIME FOR ORGANICS - TFO","5 ltr",1904,1885,377,"1% OFF","In Stock","Mustard Oil",Instamart
2026-10-02,MUMBAI,"TIME FOR ORGANICS - TFO Oraganic Groundnut oil coldpressed","TIME FOR ORGANICS - TFO","5 ltr",2245,2223,445,"1% OFF","In Stock","Groundnut Oil",Instamart
2026-10-02,MUMBAI,"Jivo Cold Pressed oil Groundnut Oil","Jivo","1 ltr",560,228,228,"59% OFF","In Stock","Groundnut Oil",Instamart
2026-10-02,MUMBAI,"Gramiyaa Wood Cold Pressed Groundnut Oil","Gramiyaa","1 ltr x 2",980,678,339,"30% OFF","In Stock","Groundnut Oil",Instamart
2026-10-02,MUMBAI,"Gramiyaa Wood Cold Pressed Groundnut Oil","Gramiyaa","1 ltr",490,339,339,"30% OFF","In Stock","Groundnut Oil",Instamart
2026-10-02,MUMBAI,"TIME FOR ORGANICS - TFO Oraganic Groundnut oil coldpressed","TIME FOR ORGANICS - TFO","1 ltr",485,480,480,"1% OFF","In Stock","Groundnut Oil",Instamart
2026-10-02,MUMBAI,"TIME FOR ORGANICS - TFO Oraganic Groundnut oil coldpressed","TIME FOR ORGANICS - TFO","2 ltr",928,919,460,"1% OFF","In Stock","Groundnut Oil",Instamart
2026-10-02,MUMBAI,"INDICWISDOM Wood Cold Pressed Groundnut Oil (Extracted on Wooden Churner)","INDICWISDOM","5 ltr",2250,1495,299,"33% OFF","In Stock","Groundnut Oil",Instamart
2026-10-02,MUMBAI,"NATUREWAY Agmark Wood Cold Pressed Unrefined Groundnut Oil","NATUREWAY","1 ltr",350,271,271,"22% OFF","In Stock","Groundnut Oil",Instamart
2026-10-02,MUMBAI,"24 Mantra Groundnut Oil","24 Mantra","1 ltr",550,450,450,"18% OFF","In Stock","Groundnut Oil",Instamart
2026-10-02,MUMBAI,"24 Mantra Groundnut Oil","24 Mantra","1 ltr x 2",1100,867,434,"21% OFF","Out of Stock","Groundnut Oil",Instamart
2026-10-02,MUMBAI,"Atharva Wooden Cold Pressed Seasame Oil","Atharva","1 ltr",569,454,454,"20% OFF","In Stock","Other Oil",Instamart
2026-10-02,MUMBAI,"Two Brothers India Farms Wood Pressed Groundnut Peanut Single-Filtered Oil","Two Brothers India Farms","1 ltr",465,399,399,"14% OFF","In Stock","Groundnut Oil",Instamart
2026-10-02,MUMBAI,"INDICWISDOM -Nava-Spray-Wood Pressed Groundnut Oil (No Aerosol/CFCs/Preservatives)(Cold Pressed-Extracted On Wooden Churner)","INDICWISDOM","250 ml",290,244,976,"15% OFF","In Stock","Groundnut Oil",Instamart
2026-10-02,MUMBAI,"Atharva  Wooden Cold Pressed Coconut Oil","Atharva","1 ltr",799,523,523,"34% OFF","In Stock","Coconut Oil",Instamart
2026-10-02,MUMBAI,"Aroga Foods Wood Presssed Groundnut Oil","Aroga Foods","1 ltr",560,328,328,"41% OFF","In Stock","Groundnut Oil",Instamart
2026-10-02,MUMBAI,"Tata Simply Better Cold Pressed Groundnut Oil, Pure and Unrefined","Tata Simply Better","5 ltr",2099,1682,336,"19% OFF","In Stock","Groundnut Oil",Instamart
2026-10-02,MUMBAI,"A TATA Product - Organic India Cold Pressed Groundnut Oil","Organic India","1 ltr",550,364,364,"33% OFF","In Stock","Groundnut Oil",Instamart
2026-10-02,MUMBAI,"GEM'S GOLD Cold Pressed Groundnut oil Pouch","GEM'S GOLD","1 ltr",240,172,172,"28% OFF","In Stock","Groundnut Oil",Instamart
2026-10-02,MUMBAI,"Gramiyaa Cold Pressed Groundnut Oil","Gramiyaa","500 ml",280,209,418,"25% OFF","In Stock","Groundnut Oil",Instamart
2026-10-02,MUMBAI,"SAHASTHRA Cold Pressed Groundnut Oil","SAHASTHRA","1 ltr",440,299,299,"32% OFF","In Stock","Groundnut Oil",Instamart
2026-10-02,MUMBAI,"FarmSe Cold Pressed Groundnut Oil","FarmSe","1 ltr",400,249,249,"37% OFF","In Stock","Groundnut Oil",Instamart
2026-10-02,MUMBAI,"Good Wave Wood Cold pressed Groundnut oil","Good Wave","1 ltr",450,377,377,"16% OFF","In Stock","Groundnut Oil",Instamart
2026-10-02,MUMBAI,"Sattvasoul Wood Pressed Groundnut Oil","Sattvasoul","1 ltr",599,460,460,"23% OFF","In Stock","Groundnut Oil",Instamart
2026-10-02,MUMBAI,"Jivo Cold Pressed oil Groundnut Oil","Jivo","5 ltr",2800,1139,228,"59% OFF","In Stock","Groundnut Oil",Instamart
2026-10-02,MUMBAI,"NATUREWAY Agmark Wood Cold Pressed Unrefined Coconut Oil","NATUREWAY","500 ml",299,269,538,"10% OFF","In Stock","Coconut Oil",Instamart
2026-10-02,MUMBAI,"Gramiyaa Wood Cold Pressed Coconut Oil","Gramiyaa","1 ltr",1050,699,699,"33% OFF","In Stock","Coconut Oil",Instamart
2026-10-02,MUMBAI,"Coco Soul Cold Pressed Unrefined Virgin Coconut Oil 60% Mct Cholesterol Free- Makers Of Parachute","Coco Soul","250 ml",299,247,988,"17% OFF","In Stock","Coconut Oil",Instamart
2026-10-02,MUMBAI,"Tata Simply Better Virgin Coconut Cold Pressed Oil, Pure and Unrefined","Tata Simply Better","500 ml",499,435,870,"12% OFF","In Stock","Coconut Oil",Instamart
2026-10-02,MUMBAI,"Saffola Cold Press Coconut Oil","Saffola","1 ltr",849,459,459,"45% OFF","In Stock","Coconut Oil",Instamart
2026-10-02,MUMBAI,"INDICWISDOM Wood Cold Pressed Coconut Oil (Extracted on Wooden Churner)","INDICWISDOM","500 ml",480,369,738,"23% OFF","In Stock","Coconut Oil",Instamart
2026-10-02,MUMBAI,"Tata Simply Better Virgin Coconut Cold Pressed Oil, Pure and Unrefined","Tata Simply Better","1 ltr",899,723,723,"19% OFF","In Stock","Coconut Oil",Instamart
2026-10-02,MUMBAI,"NATUREWAY Agmark Wood Cold Pressed Unrefined Coconut Oil","NATUREWAY","1 ltr",570,513,513,"10% OFF","In Stock","Coconut Oil",Instamart
2026-10-02,MUMBAI,"IndicWisdom-Nava-Spray-Wood Pressed Virgin Coconut Oil (No Aerosol/CFCs/Preservatives)(Cold Pressed-Extracted On Wooden Churner)","INDICWISDOM","250 ml",320,256,1024,"20% OFF","In Stock","Coconut Oil",Instamart
2026-10-02,MUMBAI,"INDICWISDOM Wood Pressed Safflower Oil","INDICWISDOM","1 ltr",580,308,308,"46% OFF","In Stock","Safflower Oil",Instamart
2026-10-02,MUMBAI,"INDICWISDOM Nava-Spray-Wood Pressed Sunflower Oil (No Aerosol/CFCs/Preservatives)(Cold Pressed-Extracted On Wooden Churner)","INDICWISDOM","250 ml",290,244,976,"15% OFF","In Stock","Sunflower Oil",Instamart
2026-10-02,MUMBAI,"INDICWISDOM Cold Pressed Mustard Oil , Pure & Unrefined Sarson Oil","INDICWISDOM","1 ltr",350,239,239,"31% OFF","In Stock","Mustard Oil",Instamart
2026-10-02,MUMBAI,"Indic Wisdom Cold Pressed Mustard Oil","INDICWISDOM","2 ltr",680,430,215,"36% OFF","In Stock","Mustard Oil",Instamart
2026-10-02,MUMBAI,"INDICWISDOM Wood Cold Pressed Sunflower Oil (Extracted on Wooden Churner)","INDICWISDOM","1 ltr",470,349,349,"25% OFF","In Stock","Sunflower Oil",Instamart
2026-10-02,MUMBAI,"INDICWISDOM Wood Cold Pressed Sunflower Oil (Extracted on Wooden Churner)","INDICWISDOM","1 ltr x 2",940,698,349,"25% OFF","Out of Stock","Sunflower Oil",Instamart
2026-10-02,MUMBAI,"INDICWISDOM Wood Cold Pressed White Sesame Oil (Extracted on Wooden Churner)","INDICWISDOM","500 ml",370,241,482,"34% OFF","In Stock","Sesame Oil",Instamart
2026-10-02,MUMBAI,"INDICWISDOM Wood Cold Pressed Coconut Oil (Extracted on Wooden Churner)","INDICWISDOM","1 ltr",920,624,624,"32% OFF","In Stock","Coconut Oil",Instamart
2026-10-02,MUMBAI,"INDICWISDOM Wood Cold Pressed Sunflower Oil (Extracted on Wooden Churner)","INDICWISDOM","5 ltr",2250,1600,320,"28% OFF","In Stock","Sunflower Oil",Instamart
2026-10-02,MUMBAI,"INDICWISDOM -Nava-Spray-Wood Pressed Mustard Oil (No Aerosol/CFCs/Preservatives)(Cold Pressed-Extracted On Wooden Churner)","INDICWISDOM","250 ml",290,244,976,"15% OFF","In Stock","Mustard Oil",Instamart
2026-10-02,MUMBAI,"INDICWISDOM Wood Cold Pressed White Sesame Oil (Extracted on Wooden Churner)","INDICWISDOM","1 ltr",680,499,499,"26% OFF","In Stock","Sesame Oil",Instamart
2026-10-02,MUMBAI,"INDICWISDOM Wood Cold Pressed White Sesame Oil (Extracted on Wooden Churner)","INDICWISDOM","1 ltr x 2",1360,998,499,"26% OFF","Out of Stock","Sesame Oil",Instamart
2026-10-02,MUMBAI,"INDICWISDOM Jaggery Powder (Chemical & Preservative Free)","INDICWISDOM","800 g",160,124,124,"22% OFF","Out of Stock","Other Oil",Instamart
2026-10-02,MUMBAI,"Tata Simply Better Virgin Coldpressed Coconut Oil","Tata Simply Better","250 ml",299,279,1116,"6% OFF","In Stock","Coconut Oil",Instamart
2026-10-02,MUMBAI,"Brillare 100% Pure Coconut Oil | Cold Pressed Oil | For Strong Hair & Radiant Skin","Brillare","200 ml",395,324,1620,"17% OFF","In Stock","Coconut Oil",Instamart
2026-10-02,MUMBAI,"Klf Nirmal Virgin Coconut Oil","Klf","250 ml",279,258,1032,"7% OFF","In Stock","Coconut Oil",Instamart
2026-10-02,MUMBAI,"KARIKKU Coconut Oil","KARIKKU","1000 ml",510,333,333,"34% OFF","In Stock","Coconut Oil",Instamart
2026-10-02,MUMBAI,"Gramiyaa Cold Pressed Coconut Oil","Gramiyaa","500 ml",600,363,726,"39% OFF","In Stock","Coconut Oil",Instamart
2026-10-02,MUMBAI,"FarmSe Cold Pressed Coconut oil","FarmSe","1 ltr",900,477,477,"47% OFF","In Stock","Coconut Oil",Instamart
2026-10-02,MUMBAI,"Akshayakalpa Organic Cold Pressed Coconut Oil","Akshayakalpa","1 ltr",899,851,851,"5% OFF","In Stock","Coconut Oil",Instamart
2026-10-02,MUMBAI,"RAS Coconut Oil","RAS","500 ml",360,229,458,"36% OFF","In Stock","Coconut Oil",Instamart
2026-10-02,MUMBAI,"FreshMill Oils Cold Pressed Coconut Oil","FreshMill Oils","1 ltr",900,564,564,"37% OFF","In Stock","Coconut Oil",Instamart
2026-10-02,MUMBAI,"GKD Premium 100% Pure Coconut Oil","GKD Premium","500 ml",225,171,342,"24% OFF","In Stock","Coconut Oil",Instamart
2026-10-02,MUMBAI,"Kapiva Virgin Coconut Oil","Kapiva","500 ml x 2",998,726,1452,"27% OFF","In Stock","Coconut Oil",Instamart
2026-10-02,MUMBAI,"Kapiva Virgin Coconut Oil","Kapiva","500 ml",499,363,726,"27% OFF","In Stock","Coconut Oil",Instamart
2026-10-02,MUMBAI,"Anveshan Coconut Oil (Wood Pressed)","Anveshan","1 ltr",950,699,699,"26% OFF","In Stock","Coconut Oil",Instamart
2026-10-02,MUMBAI,"Anveshan Coconut Oil (Wood Pressed)","Anveshan","500 ml",550,399,798,"27% OFF","In Stock","Coconut Oil",Instamart
2026-10-02,MUMBAI,"Akshayakalpa Organic Cold Pressed Virgin Coconut Oil","Akshayakalpa","500 ml x 2",1398,1316,2632,"5% OFF","In Stock","Coconut Oil",Instamart
2026-10-02,MUMBAI,"Akshayakalpa Organic Cold Pressed Virgin Coconut Oil","Akshayakalpa","500 ml",699,658,1316,"5% OFF","In Stock","Coconut Oil",Instamart
2026-10-02,MUMBAI,"A TATA Product - Organic India Cold Pressed Virgin Coconut Oil","Organic India","500 ml",625,432,864,"30% OFF","In Stock","Coconut Oil",Instamart
2026-10-02,MUMBAI,"Tata Simply Better Cold Pressed Sesame Oil, Pure and Unrefined","Tata Simply Better","1 ltr",619,469,469,"24% OFF","In Stock","Sesame Oil",Instamart
2026-10-02,MUMBAI,"Tata Simply Better Cold Pressed Sesame Oil, Pure and Unrefined","Tata Simply Better","500 ml",340,302,604,"11% OFF","In Stock","Sesame Oil",Instamart
2026-10-02,MUMBAI,"Jivo First Pressed Sesame Oil | Gingelly Oil","Jivo","1 ltr",600,269,269,"55% OFF","In Stock","Sesame Oil",Instamart
2026-10-02,MUMBAI,"NATUREWAY Agmark Wood Cold Pressed Unrefined Gingelly Oil","NATUREWAY","1 ltr",470,340,340,"27% OFF","In Stock","Sesame Oil",Instamart
2026-10-02,MUMBAI,"Patanjali Sesame Oil","Patanjali","1 ltr",290,290,290,"0%","In Stock","Sesame Oil",Instamart
2026-10-02,MUMBAI,"Klf Tilnad Pure Gingelly/Til Oil","Klf","500 ml",248,212,424,"14% OFF","In Stock","Sesame Oil",Instamart
2026-10-02,MUMBAI,"Conscious Food Sesame Oil","Conscious Food","1 ltr",600,480,480,"20% OFF","In Stock","Sesame Oil",Instamart
2026-10-02,MUMBAI,"Gramiyaa Wood Cold Pressed Sesame Oil","Gramiyaa","1 ltr",750,518,518,"30% OFF","In Stock","Sesame Oil",Instamart
2026-10-02,MUMBAI,"organic tattva Sesame Oil","organic tattva","1 ltr",699,573,573,"18% OFF","In Stock","Sesame Oil",Instamart
2026-10-02,MUMBAI,"Saffola Cold Pressed Sesame Oil | 100% Cold Pressed Sesame Seed Oil","Saffola","1 ltr",647,499,499,"22% OFF","In Stock","Sesame Oil",Instamart
2026-10-02,MUMBAI,"Anveshan Wood Pressed Black Sesame Gingelly Oil","Anveshan","1 ltr",645,529,529,"17% OFF","In Stock","Sesame Oil",Instamart
2026-10-02,MUMBAI,"Aroga Foods Wood Pressed Sesame Oil White","Aroga Foods","1 ltr",830,651,651,"21% OFF","In Stock","Sesame Oil",Instamart
2026-10-02,MUMBAI,"Aroga Foods Wood Pressed Sesame Oil White","Aroga Foods","500 ml",435,334,668,"23% OFF","In Stock","Sesame Oil",Instamart
2026-10-02,MUMBAI,"Gramiyum Cold Pressed Sesame Oil |Gingelly Oil","Gramiyum","1 ltr",470,426,426,"9% OFF","In Stock","Sesame Oil",Instamart
2026-10-02,MUMBAI,"Anveshan Black Sesame Oil (Wood Pressed)","Anveshan","500 ml",365,329,658,"9% OFF","In Stock","Sesame Oil",Instamart
2026-10-02,MUMBAI,"SAHASTHRA Cold Pressed Sesame Oil","SAHASTHRA","1 ltr",639,507,507,"20% OFF","In Stock","Sesame Oil",Instamart
2026-10-02,MUMBAI,"Praakritik Organic Sesame Oil","Praakritik","500 ml",495,355,710,"28% OFF","In Stock","Sesame Oil",Instamart
2026-10-02,MUMBAI,"MustaPure Cold Pressed Sesame - Gingelly Oil","MUSTAPURE","1 ltr",500,315,315,"37% OFF","In Stock","Sesame Oil",Instamart
2026-10-02,MUMBAI,"Tilsona Til Oil","Tilsona","500 ml",250,243,486,"2% OFF","In Stock","Sesame Oil",Instamart
2026-10-02,MUMBAI,"Tilsona Til Oil Bottle","Tilsona","1 ltr",435,431,431,"1% OFF","In Stock","Sesame Oil",Instamart
2026-10-02,MUMBAI,"Chekko Cold Pressed Virgin Sesame Oil","Chekko","1 ltr",599,495,495,"17% OFF","Out of Stock","Sesame Oil",Instamart
2026-10-02,MUMBAI,"Oreal Cold pressed Sesame Oil","Oreal","1 ltr",432,307,307,"28% OFF","Out of Stock","Sesame Oil",Instamart
2026-10-02,MUMBAI,"Sesone Cold Pressed Sesame Oil 100% Pure","Sesone","475 ml",340,337,709,"1% OFF","Out of Stock","Sesame Oil",Instamart
2026-10-02,MUMBAI,"Sutr Cold Pressed Sesame Oil","Sutr","250 ml",250,149,596,"40% OFF","Out of Stock","Sesame Oil",Instamart
2026-10-02,MUMBAI,"Jivika Naturals Cold Pressed Sesame Oil","Jivika Naturals","1 ltr",525,371,371,"29% OFF","Out of Stock","Sesame Oil",Instamart
2026-10-02,MUMBAI,"THANJAI UZHAVAN Cold Pressed Sesame Oil (Gingelly / Til Oil)","THANJAI UZHAVAN","500 ml",248,218,436,"12% OFF","Out of Stock","Sesame Oil",Instamart
2026-10-02,MUMBAI,"SUPREME HARVEST Cold Pressed Sesame Oil","Supreme Harvest","500 ml",500,500,1000,"0%","Out of Stock","Sesame Oil",Instamart
2026-10-02,MUMBAI,"Dabur Cold Pressed Sesame (Gingelly) Cooking Oil","Dabur","1 ltr",699,699,699,"0%","Out of Stock","Sesame Oil",Instamart
2026-10-02,MUMBAI,"Freshmill Oils 100% Natural Cold Pressed Sesame Oil","FreshMill Oils","500 ml",330,327,654,"1% OFF","Out of Stock","Sesame Oil",Instamart
2026-10-02,MUMBAI,"NATUREWAY Agmark Wood Cold Pressed Unrefined Gingelly Oil","NATUREWAY","500 ml",240,170,340,"29% OFF","Out of Stock","Sesame Oil",Instamart
2026-10-02,MUMBAI,"Conscious Food Sesame Oil (Cold Pressed)","Conscious Food","500 ml",347,278,556,"19% OFF","Out of Stock","Sesame Oil",Instamart
2026-10-02,MUMBAI,"Chekko Virgin Sesame Oil","Chekko","500 ml",249,219,438,"12% OFF","Out of Stock","Sesame Oil",Instamart
2026-10-02,MUMBAI,"Sesone Tosuto Sesame Oil 100% Pure","Sesone","240 ml",410,410,1708,"0%","Out of Stock","Sesame Oil",Instamart
2026-10-02,MUMBAI,"Anjali Coldpressed Gingelly .Sesame Oil","Anjali","450 ml",320,224,498,"30% OFF","Out of Stock","Sesame Oil",Instamart
2026-10-02,MUMBAI,"Anjali Coldpressed Gingelly Sesame Oil","Anjali","1 ltr",495,428,428,"13% OFF","Out of Stock","Sesame Oil",Instamart
2026-10-02,MUMBAI,"Indiyeah Virgin Coldpress White Sesame/Til Oil","Indiyeah","500 ml",389,389,778,"0%","Out of Stock","Sesame Oil",Instamart
2026-10-02,MUMBAI,"Just Organik Organic Sesame Oil, (Wood Cold Pressed)","Just Organik","500 g",385,264,264,"31% OFF","Out of Stock","Sesame Oil",Instamart
2026-10-02,MUMBAI,"KLF Tilnad 100% Pure Sesame Oil","Klf","1 ltr",420,410,410,"2% OFF","Out of Stock","Sesame Oil",Instamart
2026-10-02,MUMBAI,"Sattvasoul Seasme Seeds Oil Unrefiened Expeller Pressed","Sattvasoul","1 ltr",619,619,619,"0%","Out of Stock","Other Oil",Instamart
2026-10-02,MUMBAI,"Aadhyam Gingelly Sesame Oil (Til Oil)","Aadhyam","500 ml",190,124,248,"34% OFF","Out of Stock","Sesame Oil",Instamart
2026-10-02,MUMBAI,"Phalada Pure & Sure Organic Sesame Oil","Phalada Pure & Sure","1 ltr",650,424,424,"34% OFF","Out of Stock","Sesame Oil",Instamart
2026-10-02,MUMBAI,"Pantai Sesame Oil","Pantai","200 ml",475,475,2375,"0%","Out of Stock","Sesame Oil",Instamart
2026-10-02,MUMBAI,"MR.GOLD Gingelly Oil","MR.GOLD","500 ml",190,168,336,"11% OFF","Out of Stock","Sesame Oil",Instamart
2026-10-02,MUMBAI,"RAS Chekku Gingelly Oil","RAS","1 ltr",558,474,474,"15% OFF","Out of Stock","Sesame Oil",Instamart
2026-10-02,MUMBAI,"Satvyk Woodpressed White Sesame Oil","SATVYK","500 ml",370,249,498,"32% OFF","Out of Stock","Sesame Oil",Instamart
2026-10-02,MUMBAI,"Sunlite Organic Organic Sesame Oil","Sunlite Organic","1 ltr",699,510,510,"27% OFF","Out of Stock","Sesame Oil",Instamart
2026-10-02,MUMBAI,"Pusht Organic White Sesame Oil","Pusht","1 ltr",699,594,594,"15% OFF","Out of Stock","Sesame Oil",Instamart
2026-10-02,MUMBAI,"Saffola Cold Pressed Multi-Source Oil Groundnut oil & Sesame Seed oil","Saffola","1 ltr",647,421,421,"34% OFF","Out of Stock","Groundnut Oil",Instamart
2026-10-02,MUMBAI,"Idhayam Gingelly Oil","Idhayam","500 ml x 2",486,448,896,"7% OFF","In Stock","Sesame Oil",Instamart
2026-10-02,MUMBAI,"Idhayam Gingelly Oil","Idhayam","500 ml",243,224,448,"7% OFF","In Stock","Sesame Oil",Instamart
2026-10-02,MUMBAI,"Jivo Cold Press Kachi Ghani Mustard Oil","Jivo","1 ltr",255,189,189,"25% OFF","In Stock","Mustard Oil",Instamart
2026-10-02,MUMBAI,"Jivo First Pressed Yellow Mustard Oil","Jivo","1 ltr",355,209,209,"41% OFF","In Stock","Mustard Oil",Instamart
2026-10-02,MUMBAI,"Tata Simply Better Cold Pressed Mustard Oil, Pure and Unrefined","Tata Simply Better","1 ltr",375,291,291,"22% OFF","In Stock","Mustard Oil",Instamart
2026-10-02,MUMBAI,"organic tattva Mustard Oil Bottle","organic tattva","1 ltr",440,254,254,"42% OFF","In Stock","Mustard Oil",Instamart
2026-10-02,MUMBAI,"Tata Simply Better Cold Pressed Mustard Oil, Pure and Unrefined","Tata Simply Better","5 ltr",1599,1345,269,"15% OFF","In Stock","Mustard Oil",Instamart
2026-10-02,MUMBAI,"Fortune Premio Cold Pressed Mustard Oil  pet","Fortune","1 ltr",425,380,380,"10% OFF","In Stock","Mustard Oil",Instamart
2026-10-02,MUMBAI,"Dabur Cold Pressed Mustard Oil","Dabur","1 ltr",399,267,267,"33% OFF","In Stock","Mustard Oil",Instamart
2026-10-02,MUMBAI,"Jivo Cold Press Kachi Ghani Mustard Oil","Jivo","200 ml",65,44,220,"32% OFF","In Stock","Mustard Oil",Instamart
2026-10-02,MUMBAI,"Anveshan Black Mustard Oil (Wood Pressed)","Anveshan","1 ltr",400,289,289,"27% OFF","In Stock","Mustard Oil",Instamart
2026-10-02,MUMBAI,"Anveshan Black Mustard Oil (Wood Pressed)","Anveshan","1 ltr x 2",800,578,289,"27% OFF","Out of Stock","Mustard Oil",Instamart
2026-10-02,MUMBAI,"Saffola Cold Pressed Mustard Oil | 100% Cold Pressed Mustard Seed Oil | Helps Manage Cholesterol, Goodness of Omega 3 with Authentic Seed Flavour | Kachi Ghani Mustard Oil","Saffola","2 ltr",640,502,251,"21% OFF","In Stock","Mustard Oil",Instamart
2026-10-02,MUMBAI,"Natureland Organics Mustard Oil","Natureland Organics","1 ltr",375,265,265,"29% OFF","In Stock","Mustard Oil",Instamart
2026-10-02,MUMBAI,"Natureland Organics Mustard Oil","Natureland Organics","1 ltr x 2",750,530,265,"29% OFF","Out of Stock","Mustard Oil",Instamart
2026-10-02,MUMBAI,"Saffola Cold Pressed Mustard Oil | 100% Cold Pressed Mustard Seed Oil","Saffola","1 ltr",320,285,285,"10% OFF","In Stock","Mustard Oil",Instamart
2026-10-02,MUMBAI,"Saffola Cold Pressed Mustard Oil | 100% Cold Pressed Mustard Seed Oil","Saffola","1 ltr x 2",640,570,285,"10% OFF","Out of Stock","Mustard Oil",Instamart
2026-10-02,MUMBAI,"A TATA Product - Organic India Cold Pressed Mustard Oil (Kachi Ghani)","Organic India","1 ltr",419,280,280,"33% OFF","In Stock","Mustard Oil",Instamart
2026-10-02,MUMBAI,"Two Brothers India Farms Cold-Pressed Black Mustard Oil","Two Brothers India Farms","1 ltr",425,383,383,"9% OFF","In Stock","Mustard Oil",Instamart
2026-10-02,MUMBAI,"FarmSe Cold Pressed Mustard Oil","FarmSe","1 ltr",380,245,245,"35% OFF","In Stock","Mustard Oil",Instamart
2026-10-02,MUMBAI,"Fortune Pehli Dhaar Wood Pressed - Kachi Ghani Mustard Oil Bottle","Fortune Pehli Dhaar","1 ltr x 2",598,544,272,"9% OFF","In Stock","Mustard Oil",Instamart
2026-10-02,MUMBAI,"Fortune Pehli Dhaar Wood Pressed - Kachi Ghani Mustard Oil Bottle","Fortune Pehli Dhaar","1 ltr",299,272,272,"9% OFF","In Stock","Mustard Oil",Instamart
2026-10-02,MUMBAI,"Dhara Kachi Ghani Mustard Oil","Dhara","1 ltr",270,201,201,"25% OFF","In Stock","Mustard Oil",Instamart
2026-10-02,MUMBAI,"Anveshan Wood-Pressed Mustard Oil","Anveshan","3 ltr",1150,655,218,"43% OFF","In Stock","Mustard Oil",Instamart
2026-10-02,MUMBAI,"Anveshan Yellow Mustard Oil (Wood Pressed)","Anveshan","1 ltr",545,370,370,"32% OFF","In Stock","Mustard Oil",Instamart
2026-10-02,MUMBAI,"Dhara Cold Pressed Kachi Ghani Mustard Oil (100% Pure), 1 L","Dhara","1 ltr",350,205,205,"41% OFF","In Stock","Mustard Oil",Instamart
2026-10-02,MUMBAI,"Jivo Cold Pressed Chemical Free Sunflower Oil","Jivo","1 ltr",275,198,198,"28% OFF","In Stock","Sunflower Oil",Instamart
2026-10-02,MUMBAI,"24 Mantra Organic Expeller Pressed Sunflower Oil","24 Mantra","1 ltr x 2",1100,669,335,"39% OFF","In Stock","Sunflower Oil",Instamart
2026-10-02,MUMBAI,"24 Mantra Organic Expeller Pressed Sunflower Oil","24 Mantra","1 ltr",550,340,340,"38% OFF","In Stock","Sunflower Oil",Instamart
2026-10-02,MUMBAI,"Natureland Organics Sunflower Oil","Natureland Organics","1 ltr x 2",990,646,323,"34% OFF","In Stock","Sunflower Oil",Instamart
2026-10-02,MUMBAI,"Natureland Organics Sunflower Oil","Natureland Organics","1 ltr",495,323,323,"34% OFF","In Stock","Sunflower Oil",Instamart
2026-10-02,MUMBAI,"Anveshan Sunflower Oil (Wood Pressed)","Anveshan","1 ltr",475,425,425,"10% OFF","In Stock","Sunflower Oil",Instamart
2026-10-02,MUMBAI,"Pro Nature Organic Sunflower Oil","Pro Nature Organic","1 ltr",499,322,322,"35% OFF","In Stock","Sunflower Oil",Instamart
2026-10-02,MUMBAI,"Earthen Story Organic Cold Pressed Sunflower Oil","Earthen Story","1 ltr",475,449,449,"5% OFF","In Stock","Sunflower Oil",Instamart
2026-10-02,MUMBAI,"Tata Simply Better Cold Pressed Sunflower Oil, Pure and Unrefined","Tata Simply Better","1 ltr",599,489,489,"18% OFF","In Stock","Sunflower Oil",Instamart
2026-10-02,MUMBAI,"A TATA Product - Organic India Cold Pressed Sunflower Oil","Organic India","1 ltr",599,388,388,"35% OFF","In Stock","Sunflower Oil",Instamart
2026-10-02,MUMBAI,"Anveshan Wood-Pressed Sunflower Oil","Anveshan","3 ltr",1375,902,301,"34% OFF","In Stock","Sunflower Oil",Instamart
2026-10-02,MUMBAI,"HARI:BOL Cold Pressed Sunflower Oil","Haribol","1 ltr",550,301,301,"45% OFF","In Stock","Sunflower Oil",Instamart
2026-10-02,MUMBAI,"Gramiyaa wood cold pressed sunflower oil","Gramiyaa","1 ltr",590,336,336,"43% OFF","In Stock","Sunflower Oil",Instamart
2026-10-02,MUMBAI,"Jivo Cold Pressed Chemical Free Sunflower Oil","Jivo","5 ltr",1350,980,196,"27% OFF","In Stock","Sunflower Oil",Instamart
2026-10-02,MUMBAI,"Phalada Pure & Sure Organic Cold Pressed Sunflower oil","Phalada Pure & Sure","2 ltr",740,554,277,"25% OFF","In Stock","Sunflower Oil",Instamart
2026-10-02,MUMBAI,"Phalada Pure & Sure Organic Cold Pressed Sunflower Oil","Phalada Pure & Sure","1 ltr",460,325,325,"29% OFF","In Stock","Sunflower Oil",Instamart
2026-10-02,MUMBAI,"SAHASTHRA Cold Pressed Sunflower Oil","SAHASTHRA","1 ltr",499,306,306,"38% OFF","In Stock","Sunflower Oil",Instamart
2026-10-02,MUMBAI,"TIME FOR ORGANICS - TFO Organic Cold Pressed Sunflower Oil","TIME FOR ORGANICS - TFO","2 ltr",910,901,451,"1% OFF","In Stock","Sunflower Oil",Instamart
2026-10-02,MUMBAI,"Sunpure Kachi Ghani Mustard Oil","Sunpure","1 ltr",235,187,187,"20% OFF","In Stock","Mustard Oil",Instamart
2026-10-02,MUMBAI,"SONI FARMS Organic Sunflower Oil, Cold Pressed","SONI FARMS","1 ltr",550,403,403,"26% OFF","In Stock","Sunflower Oil",Instamart
2026-10-02,MUMBAI,"RawNH Organics Cold Pressed Sunflower Oil","RawNH Organics","500 ml",349,199,398,"42% OFF","Out of Stock","Sunflower Oil",Instamart
2026-10-02,MUMBAI,"MustaPure Cold Pressed Sunflower Oil","MUSTAPURE","1 ltr",500,259,259,"48% OFF","Out of Stock","Sunflower Oil",Instamart
2026-10-02,MUMBAI,"TIME FOR ORGANICS - TFO Organic Cold Pressed Sunflower Oil","TIME FOR ORGANICS - TFO","1 ltr",476,471,471,"1% OFF","Out of Stock","Sunflower Oil",Instamart
2026-10-02,MUMBAI,"Jivika Naturals Cold Pressed Sunflower Oil","Jivika Naturals","1 ltr",460,329,329,"28% OFF","Out of Stock","Sunflower Oil",Instamart
2026-10-02,MUMBAI,"Aroga Foods Cold pressed Sunflower Oil","Aroga Foods","1 ltr",600,439,439,"26% OFF","Out of Stock","Sunflower Oil",Instamart
2026-10-02,MUMBAI,"TIME FOR ORGANICS - TFO Organic Cold Pressed Sunflower Oil","TIME FOR ORGANICS - TFO","5 ltr",2196,2174,435,"1% OFF","Out of Stock","Sunflower Oil",Instamart
2026-10-02,MUMBAI,"Randhanshala Cold Pressed Unfiltered Pure Sunflower Oil | Wooden Kohlu |No Added Color, Preservative","Randhanshala","1 ltr",650,650,650,"0%","Out of Stock","Sunflower Oil",Instamart
2026-10-02,MUMBAI,"Organic Mandya Sunflower Oil Cold Pressed","Organic Mandya","1 ltr",440,278,278,"36% OFF","Out of Stock","Sunflower Oil",Instamart
2026-10-02,MUMBAI,"organic tattva Organic Sunflower Oil Bottle","organic tattva","1 ltr x 2",1198,918,459,"23% OFF","Out of Stock","Sunflower Oil",Instamart
2026-10-02,MUMBAI,"organic tattva Organic Sunflower Oil Bottle","organic tattva","1 ltr",599,459,459,"23% OFF","Out of Stock","Sunflower Oil",Instamart
2026-10-02,MUMBAI,"Rosier Stone Pressed Sunflower Oil","Rosier","1 ltr",499,429,429,"14% OFF","Out of Stock","Sunflower Oil",Instamart
2026-10-02,MUMBAI,"Two Brothers India Farms Cold-Pressed Sunflower Oil","Two Brothers India Farms","1 ltr",445,423,423,"4% OFF","Out of Stock","Sunflower Oil",Instamart
2026-10-02,MUMBAI,"Praakritik Organic Sunflower Oil","Praakritik","500 ml",275,194,388,"29% OFF","Out of Stock","Sunflower Oil",Instamart
2026-10-02,MUMBAI,"Indiyeah Virgin Coldpress Sunflower Oil","Indiyeah","1 ltr",649,364,364,"43% OFF","Out of Stock","Sunflower Oil",Instamart
2026-10-02,MUMBAI,"Jivo Cold Press Sunflower Oil","Jivo","500 ml",138,138,276,"0%","Out of Stock","Sunflower Oil",Instamart
2026-10-02,MUMBAI,"24 Mantra Organic Unrefined Safflower Oil","24 Mantra","1 ltr",450,450,450,"0%","Out of Stock","Safflower Oil",Instamart
2026-10-02,MUMBAI,"Conscious Food Sunflower oil","Conscious Food","2 ltr",850,569,285,"33% OFF","Out of Stock","Sunflower Oil",Instamart
2026-10-02,MUMBAI,"Anveshan Wood Pressed Sunflower Oil","Anveshan","5 ltr",2150,1769,354,"17% OFF","Out of Stock","Sunflower Oil",Instamart
2026-10-02,MUMBAI,"Conscious Food Sunflower Oil Bottle","Conscious Food","1 ltr",475,304,304,"36% OFF","Out of Stock","Sunflower Oil",Instamart
2026-10-02,MUMBAI,"Pro Nature Organic Sunflower Oil","Pro Nature Organic","500 ml",269,266,532,"1% OFF","Out of Stock","Sunflower Oil",Instamart
2026-10-02,MUMBAI,"HUMPY FARMS Sunflower Oil","Humpy Farms","1 ltr",649,324,324,"50% OFF","Out of Stock","Sunflower Oil",Instamart
2026-10-02,MUMBAI,"Just Organik Organic Sunflower Oil","Just Organik","1 ltr",445,290,290,"34% OFF","Out of Stock","Sunflower Oil",Instamart
2026-10-02,MUMBAI,"Satvyk Woodpressed Safflower Oil","SATVYK","500 ml",395,184,368,"53% OFF","Out of Stock","Safflower Oil",Instamart
2026-10-02,DELHI,"INDICWISDOM Wood Cold Pressed Groundnut Oil (Extracted on Wooden Churner)","INDICWISDOM","1 ltr x 2",940,604,302,"35% OFF","In Stock","Groundnut Oil",Instamart
2026-10-02,DELHI,"INDICWISDOM Wood Cold Pressed Groundnut Oil (Extracted on Wooden Churner)","INDICWISDOM","1 ltr",470,302,302,"35% OFF","In Stock","Groundnut Oil",Instamart
2026-10-02,DELHI,"Earthen Story Organic Cold Pressed Groundndut Oil","Earthen Story","1 ltr",576,417,417,"27% OFF","In Stock","Other Oil",Instamart
2026-10-02,DELHI,"Cowberry Organic Cold-Pressed Groundnut Oil","Cowberry","1 ltr",500,500,500,"0%","In Stock","Groundnut Oil",Instamart
2026-10-02,DELHI,"GEM'S GOLD Cold Pressed Groundnut oil Bottle","GEM'S GOLD","1 ltr",340,215,215,"36% OFF","In Stock","Groundnut Oil",Instamart
2026-10-02,DELHI,"Tata Simply Better Cold Pressed Groundnut Oil, Pure and Unrefined","Tata Simply Better","1 ltr x 2",1050,738,369,"29% OFF","In Stock","Groundnut Oil",Instamart
2026-10-02,DELHI,"Tata Simply Better Cold Pressed Groundnut Oil, Pure and Unrefined","Tata Simply Better","1 ltr",525,369,369,"29% OFF","In Stock","Groundnut Oil",Instamart
2026-10-02,DELHI,"Natureland Organics Groundnut Oil Bottle","Natureland Organics","1 ltr",495,339,339,"31% OFF","In Stock","Groundnut Oil",Instamart
2026-10-02,DELHI,"TIME FOR ORGANICS - TFO Organic Cold pressed Mustard Oil","TIME FOR ORGANICS - TFO","2 ltr",793,785,393,"1% OFF","In Stock","Mustard Oil",Instamart
2026-10-02,DELHI,"Jivo Cold Pressed oil Groundnut Oil","Jivo","1 ltr",560,228,228,"59% OFF","In Stock","Groundnut Oil",Instamart
2026-10-02,DELHI,"INDICWISDOM Wood Cold Pressed Groundnut Oil (Extracted on Wooden Churner)","INDICWISDOM","5 ltr",2250,1495,299,"33% OFF","In Stock","Groundnut Oil",Instamart
2026-10-02,DELHI,"TIME FOR ORGANICS - TFO Organic Cold pressed Mustard Oil","TIME FOR ORGANICS - TFO","5 ltr",1904,1885,377,"1% OFF","In Stock","Mustard Oil",Instamart
2026-10-02,DELHI,"TIME FOR ORGANICS - TFO Oraganic Groundnut oil coldpressed","TIME FOR ORGANICS - TFO","5 ltr",2245,2223,445,"1% OFF","In Stock","Groundnut Oil",Instamart
2026-10-02,DELHI,"NATUREWAY Agmark Wood Cold Pressed Unrefined Groundnut Oil","NATUREWAY","1 ltr",350,271,271,"22% OFF","In Stock","Groundnut Oil",Instamart
2026-10-02,DELHI,"Two Brothers India Farms Wood Pressed Groundnut Peanut Single-Filtered Oil","Two Brothers India Farms","1 ltr",465,399,399,"14% OFF","In Stock","Groundnut Oil",Instamart
2026-10-02,DELHI,"TIME FOR ORGANICS - TFO Oraganic Groundnut oil coldpressed","TIME FOR ORGANICS - TFO","1 ltr",485,480,480,"1% OFF","In Stock","Groundnut Oil",Instamart
2026-10-02,DELHI,"TIME FOR ORGANICS - TFO Oraganic Groundnut oil coldpressed","TIME FOR ORGANICS - TFO","2 ltr",928,919,460,"1% OFF","In Stock","Groundnut Oil",Instamart
2026-10-02,DELHI,"INDICWISDOM -Nava-Spray-Wood Pressed Groundnut Oil (No Aerosol/CFCs/Preservatives)(Cold Pressed-Extracted On Wooden Churner)","INDICWISDOM","250 ml",290,244,976,"15% OFF","In Stock","Groundnut Oil",Instamart
2026-10-02,DELHI,"A TATA Product - Organic India Cold Pressed Groundnut Oil","Organic India","1 ltr",550,364,364,"33% OFF","In Stock","Groundnut Oil",Instamart
2026-10-02,DELHI,"24 Mantra Groundnut Oil","24 Mantra","1 ltr",550,450,450,"18% OFF","In Stock","Groundnut Oil",Instamart
2026-10-02,DELHI,"24 Mantra Groundnut Oil","24 Mantra","1 ltr x 2",1100,867,434,"21% OFF","Out of Stock","Groundnut Oil",Instamart
2026-10-02,DELHI,"Supreme Harvest Kachi Ghani Mustard Oil","Supreme Harvest","1 ltr",260,186,186,"28% OFF","In Stock","Mustard Oil",Instamart
2026-10-02,DELHI,"Gramiyaa Cold Pressed Groundnut Oil","Gramiyaa","500 ml",280,209,418,"25% OFF","In Stock","Groundnut Oil",Instamart
2026-10-02,DELHI,"SAHASTHRA Cold Pressed Groundnut Oil","SAHASTHRA","1 ltr",440,299,299,"32% OFF","In Stock","Groundnut Oil",Instamart
2026-10-02,DELHI,"Atharva Wooden Cold Pressed Seasame Oil","Atharva","1 ltr",569,454,454,"20% OFF","In Stock","Other Oil",Instamart
2026-10-02,DELHI,"Atharva  Wooden Cold Pressed Coconut Oil","Atharva","1 ltr",799,523,523,"34% OFF","In Stock","Coconut Oil",Instamart
2026-10-02,DELHI,"FarmSe Cold Pressed Groundnut Oil","FarmSe","1 ltr",400,249,249,"37% OFF","In Stock","Groundnut Oil",Instamart
2026-10-02,DELHI,"Good Wave Wood Cold pressed Groundnut oil","Good Wave","1 ltr",450,377,377,"16% OFF","In Stock","Groundnut Oil",Instamart
2026-10-02,DELHI,"Sattvasoul Wood Pressed Groundnut Oil","Sattvasoul","1 ltr",599,460,460,"23% OFF","In Stock","Groundnut Oil",Instamart
2026-10-02,DELHI,"Jivo Cold Pressed oil Groundnut Oil","Jivo","5 ltr",2800,1139,228,"59% OFF","In Stock","Groundnut Oil",Instamart
2026-10-02,DELHI,"Saffola Cold Pressed Groundnut Oil | 100% Cold Pressed Groundnut Oil","Saffola","1 ltr x 2",900,634,317,"29% OFF","In Stock","Groundnut Oil",Instamart
2026-10-02,DELHI,"Saffola Cold Pressed Groundnut Oil | 100% Cold Pressed Groundnut Oil","Saffola","1 ltr",450,317,317,"29% OFF","In Stock","Groundnut Oil",Instamart
2026-10-02,DELHI,"24 Mantra Organic Cold Pressed Groundnut Oil","24 Mantra","5 ltr",2700,2179,436,"19% OFF","In Stock","Groundnut Oil",Instamart
2026-10-02,DELHI,"GEM'S GOLD Cold Pressed Groundnut oil","GEM'S GOLD","500 ml",180,129,258,"28% OFF","In Stock","Groundnut Oil",Instamart
2026-10-02,DELHI,"RAS Chekku Groundnut Oil","RAS","1 ltr",462,309,309,"33% OFF","In Stock","Groundnut Oil",Instamart
2026-10-02,DELHI,"GEM'S GOLD Cold Pressed Groundnut oil Bottle","GEM'S GOLD","2 ltr",580,419,210,"27% OFF","In Stock","Groundnut Oil",Instamart
2026-10-02,DELHI,"Tata Simply Better Virgin Coconut Cold Pressed Oil, Pure and Unrefined","Tata Simply Better","500 ml",499,435,870,"12% OFF","In Stock","Coconut Oil",Instamart
2026-10-02,DELHI,"Gramiyaa Wood Cold Pressed Coconut Oil","Gramiyaa","1 ltr",1050,699,699,"33% OFF","In Stock","Coconut Oil",Instamart
2026-10-02,DELHI,"Coco Soul Cold Pressed Unrefined Virgin Coconut Oil 60% Mct Cholesterol Free- Makers Of Parachute","Coco Soul","250 ml",299,247,988,"17% OFF","In Stock","Coconut Oil",Instamart
2026-10-02,DELHI,"NATUREWAY Agmark Wood Cold Pressed Unrefined Coconut Oil","NATUREWAY","1 ltr",570,513,513,"10% OFF","In Stock","Coconut Oil",Instamart
2026-10-02,DELHI,"IndicWisdom-Nava-Spray-Wood Pressed Virgin Coconut Oil (No Aerosol/CFCs/Preservatives)(Cold Pressed-Extracted On Wooden Churner)","INDICWISDOM","250 ml",320,256,1024,"20% OFF","In Stock","Coconut Oil",Instamart
2026-10-02,DELHI,"INDICWISDOM Cold Pressed Mustard Oil , Pure & Unrefined Sarson Oil","INDICWISDOM","1 ltr",350,239,239,"31% OFF","In Stock","Mustard Oil",Instamart
2026-10-02,DELHI,"Indic Wisdom Cold Pressed Mustard Oil","INDICWISDOM","2 ltr",680,430,215,"36% OFF","In Stock","Mustard Oil",Instamart
2026-10-02,DELHI,"INDICWISDOM Wood Cold Pressed Coconut Oil (Extracted on Wooden Churner)","INDICWISDOM","500 ml",480,369,738,"23% OFF","In Stock","Coconut Oil",Instamart
2026-10-02,DELHI,"INDICWISDOM Wood Cold Pressed Sunflower Oil (Extracted on Wooden Churner)","INDICWISDOM","1 ltr",470,349,349,"25% OFF","In Stock","Sunflower Oil",Instamart
2026-10-02,DELHI,"INDICWISDOM Wood Cold Pressed Sunflower Oil (Extracted on Wooden Churner)","INDICWISDOM","1 ltr x 2",940,698,349,"25% OFF","Out of Stock","Sunflower Oil",Instamart
2026-10-02,DELHI,"INDICWISDOM Wood Cold Pressed White Sesame Oil (Extracted on Wooden Churner)","INDICWISDOM","500 ml",370,241,482,"34% OFF","In Stock","Sesame Oil",Instamart
2026-10-02,DELHI,"INDICWISDOM Wood Cold Pressed Coconut Oil (Extracted on Wooden Churner)","INDICWISDOM","1 ltr",920,624,624,"32% OFF","In Stock","Coconut Oil",Instamart
2026-10-02,DELHI,"INDICWISDOM -Nava-Spray-Wood Pressed Mustard Oil (No Aerosol/CFCs/Preservatives)(Cold Pressed-Extracted On Wooden Churner)","INDICWISDOM","250 ml",290,244,976,"15% OFF","In Stock","Mustard Oil",Instamart
2026-10-02,DELHI,"INDICWISDOM Wood Cold Pressed White Sesame Oil (Extracted on Wooden Churner)","INDICWISDOM","1 ltr",680,499,499,"26% OFF","In Stock","Sesame Oil",Instamart
2026-10-02,DELHI,"INDICWISDOM Wood Cold Pressed White Sesame Oil (Extracted on Wooden Churner)","INDICWISDOM","1 ltr x 2",1360,998,499,"26% OFF","Out of Stock","Sesame Oil",Instamart
2026-10-02,DELHI,"INDICWISDOM Wood Pressed Safflower Oil","INDICWISDOM","1 ltr",580,308,308,"46% OFF","Out of Stock","Safflower Oil",Instamart
2026-10-02,DELHI,"INDICWISDOM Nava-Spray-Wood Pressed Sunflower Oil (No Aerosol/CFCs/Preservatives)(Cold Pressed-Extracted On Wooden Churner)","INDICWISDOM","250 ml",290,244,976,"15% OFF","Out of Stock","Sunflower Oil",Instamart
2026-10-02,DELHI,"Tata Simply Better Virgin Coldpressed Coconut Oil","Tata Simply Better","250 ml",299,279,1116,"6% OFF","In Stock","Coconut Oil",Instamart
2026-10-02,DELHI,"Akshayakalpa Organic Cold Pressed Virgin Coconut Oil","Akshayakalpa","200 ml",318,274,1370,"13% OFF","In Stock","Coconut Oil",Instamart
2026-10-02,DELHI,"Klf Nirmal Virgin Coconut Oil","Klf","250 ml",279,258,1032,"7% OFF","In Stock","Coconut Oil",Instamart
2026-10-02,DELHI,"Tata Simply Better Virgin Coconut Cold Pressed Oil, Pure and Unrefined","Tata Simply Better","1 ltr",899,723,723,"19% OFF","In Stock","Coconut Oil",Instamart
2026-10-02,DELHI,"Brillare 100% Pure Coconut Oil | Cold Pressed Oil | For Strong Hair & Radiant Skin","Brillare","200 ml",395,324,1620,"17% OFF","In Stock","Coconut Oil",Instamart
2026-10-02,DELHI,"KARIKKU Coconut Oil","KARIKKU","1000 ml",510,333,333,"34% OFF","In Stock","Coconut Oil",Instamart
2026-10-02,DELHI,"KLF Coconad 100% Pure Coconut Oil","Klf","900 ml",365,338,376,"7% OFF","In Stock","Coconut Oil",Instamart
2026-10-02,DELHI,"Gramiyaa Cold Pressed Coconut Oil","Gramiyaa","500 ml",600,363,726,"39% OFF","In Stock","Coconut Oil",Instamart
2026-10-02,DELHI,"FarmSe Cold Pressed Coconut oil","FarmSe","1 ltr",900,477,477,"47% OFF","In Stock","Coconut Oil",Instamart
2026-10-02,DELHI,"Akshayakalpa Organic Cold Pressed Coconut Oil","Akshayakalpa","1 ltr",950,851,851,"10% OFF","In Stock","Coconut Oil",Instamart
2026-10-02,DELHI,"RAS Coconut Oil","RAS","500 ml",360,229,458,"36% OFF","In Stock","Coconut Oil",Instamart
2026-10-02,DELHI,"FreshMill Oils Cold Pressed Coconut Oil","FreshMill Oils","1 ltr",900,751,751,"16% OFF","In Stock","Coconut Oil",Instamart
2026-10-02,DELHI,"GKD Premium 100% Pure Coconut Oil","GKD Premium","500 ml",225,171,342,"24% OFF","In Stock","Coconut Oil",Instamart
2026-10-02,DELHI,"Kapiva Virgin Coconut Oil","Kapiva","500 ml",499,363,726,"27% OFF","In Stock","Coconut Oil",Instamart
2026-10-02,DELHI,"Kapiva Virgin Coconut Oil","Kapiva","500 ml x 2",998,726,1452,"27% OFF","Out of Stock","Coconut Oil",Instamart
2026-10-02,DELHI,"Anveshan Coconut Oil (Wood Pressed)","Anveshan","1 ltr",950,699,699,"26% OFF","In Stock","Coconut Oil",Instamart
2026-10-02,DELHI,"Anveshan Coconut Oil (Wood Pressed)","Anveshan","500 ml",550,399,798,"27% OFF","In Stock","Coconut Oil",Instamart
2026-10-02,DELHI,"Akshayakalpa Organic Cold Pressed Virgin Coconut Oil","Akshayakalpa","500 ml x 2",1398,1316,2632,"5% OFF","In Stock","Coconut Oil",Instamart
2026-10-02,DELHI,"Akshayakalpa Organic Cold Pressed Virgin Coconut Oil","Akshayakalpa","500 ml",699,658,1316,"5% OFF","In Stock","Coconut Oil",Instamart
2026-10-02,DELHI,"A TATA Product - Organic India Cold Pressed Virgin Coconut Oil","Organic India","500 ml",625,432,864,"30% OFF","In Stock","Coconut Oil",Instamart
2026-10-02,DELHI,"Tata Simply Better Cold Pressed Sesame Oil, Pure and Unrefined","Tata Simply Better","1 ltr",619,469,469,"24% OFF","In Stock","Sesame Oil",Instamart
2026-10-02,DELHI,"Tata Simply Better Cold Pressed Sesame Oil, Pure and Unrefined","Tata Simply Better","500 ml",340,302,604,"11% OFF","In Stock","Sesame Oil",Instamart
2026-10-02,DELHI,"Jivo First Pressed Sesame Oil | Gingelly Oil","Jivo","1 ltr",600,269,269,"55% OFF","In Stock","Sesame Oil",Instamart
2026-10-02,DELHI,"Klf Tilnad Pure Gingelly/Til Oil","Klf","500 ml",248,212,424,"14% OFF","In Stock","Sesame Oil",Instamart
2026-10-02,DELHI,"Patanjali Sesame Oil","Patanjali","1 ltr",300,296,296,"1% OFF","In Stock","Sesame Oil",Instamart
2026-10-02,DELHI,"Conscious Food Sesame Oil","Conscious Food","1 ltr",600,480,480,"20% OFF","In Stock","Sesame Oil",Instamart
2026-10-02,DELHI,"Gramiyaa Wood Cold Pressed Sesame Oil","Gramiyaa","1 ltr",750,518,518,"30% OFF","In Stock","Sesame Oil",Instamart
2026-10-02,DELHI,"Saffola Cold Pressed Sesame Oil | 100% Cold Pressed Sesame Seed Oil","Saffola","1 ltr",647,499,499,"22% OFF","In Stock","Sesame Oil",Instamart
2026-10-02,DELHI,"Anveshan Wood Pressed Black Sesame Gingelly Oil","Anveshan","1 ltr",645,529,529,"17% OFF","In Stock","Sesame Oil",Instamart
2026-10-02,DELHI,"Aroga Foods Wood Pressed Sesame Oil White","Aroga Foods","1 ltr",830,651,651,"21% OFF","In Stock","Sesame Oil",Instamart
2026-10-02,DELHI,"Gramiyum Cold Pressed Sesame Oil |Gingelly Oil","Gramiyum","1 ltr",470,426,426,"9% OFF","In Stock","Sesame Oil",Instamart
2026-10-02,DELHI,"Anveshan Black Sesame Oil (Wood Pressed)","Anveshan","500 ml",365,329,658,"9% OFF","In Stock","Sesame Oil",Instamart
2026-10-02,DELHI,"Praakritik Organic Sesame Oil","Praakritik","500 ml",495,355,710,"28% OFF","In Stock","Sesame Oil",Instamart
2026-10-02,DELHI,"Tilsona Til Oil","Tilsona","500 ml",250,243,486,"2% OFF","In Stock","Sesame Oil",Instamart
2026-10-02,DELHI,"Tilsona Til Oil Bottle","Tilsona","1 ltr",435,431,431,"1% OFF","In Stock","Sesame Oil",Instamart
2026-10-02,DELHI,"MustaPure Cold Pressed Sesame - Gingelly Oil","MUSTAPURE","1 ltr",500,315,315,"37% OFF","Out of Stock","Sesame Oil",Instamart
2026-10-02,DELHI,"SAHASTHRA Cold Pressed Sesame Oil","SAHASTHRA","1 ltr",639,507,507,"20% OFF","Out of Stock","Sesame Oil",Instamart
2026-10-02,DELHI,"Sutr Cold Pressed Sesame Oil","Sutr","250 ml",250,149,596,"40% OFF","Out of Stock","Sesame Oil",Instamart
2026-10-02,DELHI,"Jivika Naturals Cold Pressed Sesame Oil","Jivika Naturals","1 ltr",525,371,371,"29% OFF","Out of Stock","Sesame Oil",Instamart
2026-10-02,DELHI,"THANJAI UZHAVAN Cold Pressed Sesame Oil (Gingelly / Til Oil)","THANJAI UZHAVAN","500 ml",248,218,436,"12% OFF","Out of Stock","Sesame Oil",Instamart
2026-10-02,DELHI,"SUPREME HARVEST Cold Pressed Sesame Oil","Supreme Harvest","500 ml",500,500,1000,"0%","Out of Stock","Sesame Oil",Instamart
2026-10-02,DELHI,"Dabur Cold Pressed Sesame (Gingelly) Cooking Oil","Dabur","1 ltr",699,699,699,"0%","Out of Stock","Sesame Oil",Instamart
2026-10-02,DELHI,"NATUREWAY Agmark Wood Cold Pressed Unrefined Gingelly Oil","NATUREWAY","1 ltr",470,340,340,"27% OFF","Out of Stock","Sesame Oil",Instamart
2026-10-02,DELHI,"NATUREWAY Agmark Wood Cold Pressed Unrefined Gingelly Oil","NATUREWAY","500 ml",240,170,340,"29% OFF","Out of Stock","Sesame Oil",Instamart
2026-10-02,DELHI,"organic tattva Sesame Oil","organic tattva","1 ltr",699,573,573,"18% OFF","Out of Stock","Sesame Oil",Instamart
2026-10-02,DELHI,"Anjali Coldpressed Gingelly .Sesame Oil","Anjali","450 ml",320,224,498,"30% OFF","Out of Stock","Sesame Oil",Instamart
2026-10-02,DELHI,"Anjali Coldpressed Gingelly Sesame Oil","Anjali","1 ltr",495,428,428,"13% OFF","Out of Stock","Sesame Oil",Instamart
2026-10-02,DELHI,"Indiyeah Virgin Coldpress White Sesame/Til Oil","Indiyeah","500 ml",389,389,778,"0%","Out of Stock","Sesame Oil",Instamart
2026-10-02,DELHI,"Aadhyam Gingelly Sesame Oil (Til Oil)","Aadhyam","500 ml",190,124,248,"34% OFF","Out of Stock","Sesame Oil",Instamart
2026-10-02,DELHI,"Aroga Foods Wood Pressed Sesame Oil White","Aroga Foods","500 ml",435,334,668,"23% OFF","Out of Stock","Sesame Oil",Instamart
2026-10-02,DELHI,"Phalada Pure & Sure Organic Sesame Oil","Phalada Pure & Sure","1 ltr",650,424,424,"34% OFF","Out of Stock","Sesame Oil",Instamart
2026-10-02,DELHI,"Idhayam Gingelly Oil","Idhayam","500 ml x 2",486,448,896,"7% OFF","In Stock","Sesame Oil",Instamart
2026-10-02,DELHI,"Idhayam Gingelly Oil","Idhayam","500 ml",243,224,448,"7% OFF","In Stock","Sesame Oil",Instamart
2026-10-02,DELHI,"Idhayam Gingelly Oil","Idhayam","1 ltr x 2",964,886,443,"8% OFF","In Stock","Sesame Oil",Instamart
2026-10-02,DELHI,"Idhayam Gingelly Oil","Idhayam","1 ltr",482,443,443,"8% OFF","In Stock","Sesame Oil",Instamart
2026-10-02,DELHI,"Jivo Cold Press Kachi Ghani Mustard Oil","Jivo","1 ltr",255,189,189,"25% OFF","In Stock","Mustard Oil",Instamart
2026-10-02,DELHI,"Jivo First Pressed Yellow Mustard Oil","Jivo","1 ltr",355,209,209,"41% OFF","In Stock","Mustard Oil",Instamart
2026-10-02,DELHI,"Tata Simply Better Cold Pressed Mustard Oil, Pure and Unrefined","Tata Simply Better","1 ltr",375,291,291,"22% OFF","In Stock","Mustard Oil",Instamart
2026-10-02,DELHI,"Jivo Cold Press Kachi Ghani Mustard Oil","Jivo","200 ml",65,44,220,"32% OFF","In Stock","Mustard Oil",Instamart
2026-10-02,DELHI,"Tata Simply Better Cold Pressed Mustard Oil, Pure and Unrefined","Tata Simply Better","5 ltr",1599,1345,269,"15% OFF","In Stock","Mustard Oil",Instamart
2026-10-02,DELHI,"Saffola Cold Pressed Mustard Oil | 100% Cold Pressed Mustard Seed Oil | Helps Manage Cholesterol, Goodness of Omega 3 with Authentic Seed Flavour | Kachi Ghani Mustard Oil","Saffola","2 ltr",640,502,251,"21% OFF","In Stock","Mustard Oil",Instamart
2026-10-02,DELHI,"Fortune Kachi Ghani Mustard Oil","Fortune","1 ltr x 2",510,418,209,"18% OFF","In Stock","Mustard Oil",Instamart
2026-10-02,DELHI,"Fortune Kachi Ghani Mustard Oil","Fortune","1 ltr",255,209,209,"18% OFF","In Stock","Mustard Oil",Instamart
2026-10-02,DELHI,"Fortune Premio Cold Pressed Mustard Oil  pet","Fortune","1 ltr",425,380,380,"10% OFF","In Stock","Mustard Oil",Instamart
2026-10-02,DELHI,"Saffola Cold Pressed Mustard Oil | 100% Cold Pressed Mustard Seed Oil","Saffola","1 ltr x 2",640,570,285,"10% OFF","In Stock","Mustard Oil",Instamart
2026-10-02,DELHI,"Saffola Cold Pressed Mustard Oil | 100% Cold Pressed Mustard Seed Oil","Saffola","1 ltr",320,285,285,"10% OFF","In Stock","Mustard Oil",Instamart
2026-10-02,DELHI,"A TATA Product - Organic India Cold Pressed Mustard Oil (Kachi Ghani)","Organic India","1 ltr",419,280,280,"33% OFF","In Stock","Mustard Oil",Instamart
2026-10-02,DELHI,"Two Brothers India Farms Cold-Pressed Black Mustard Oil","Two Brothers India Farms","1 ltr",425,383,383,"9% OFF","In Stock","Mustard Oil",Instamart
2026-10-02,DELHI,"FarmSe Cold Pressed Mustard Oil","FarmSe","1 ltr",380,245,245,"35% OFF","In Stock","Mustard Oil",Instamart
2026-10-02,DELHI,"Fortune Pehli Dhaar Wood Pressed - Kachi Ghani Mustard Oil Bottle","Fortune Pehli Dhaar","1 ltr x 2",598,544,272,"9% OFF","In Stock","Mustard Oil",Instamart
2026-10-02,DELHI,"Fortune Pehli Dhaar Wood Pressed - Kachi Ghani Mustard Oil Bottle","Fortune Pehli Dhaar","1 ltr",299,272,272,"9% OFF","In Stock","Mustard Oil",Instamart
2026-10-02,DELHI,"Dhara Kachi Ghani Mustard Oil","Dhara","1 ltr",270,201,201,"25% OFF","In Stock","Mustard Oil",Instamart
2026-10-02,DELHI,"Anveshan Wood-Pressed Mustard Oil","Anveshan","3 ltr",1150,655,218,"43% OFF","In Stock","Mustard Oil",Instamart
2026-10-02,DELHI,"Patanjali Mustard Oil","Patanjali","1 ltr x 2",460,454,227,"1% OFF","In Stock","Mustard Oil",Instamart
2026-10-02,DELHI,"Patanjali Mustard Oil","Patanjali","1 ltr",230,227,227,"1% OFF","In Stock","Mustard Oil",Instamart
2026-10-02,DELHI,"Emami Healthy & Tasty Kachchi Ghani Mustard Oil Regular","Emami","910 g",205,197,197,"3% OFF","In Stock","Mustard Oil",Instamart
2026-10-02,DELHI,"Emami Healthy & Tasty Kachchi Ghani Mustard Oil Regular","Emami","910 g x 2",410,394,394,"3% OFF","Out of Stock","Mustard Oil",Instamart
2026-10-02,DELHI,"Emami Healthy & Tasty Kachchi Ghani Mustard Oil Strong","Emami","825 g",210,196,196,"6% OFF","In Stock","Mustard Oil",Instamart
2026-10-02,DELHI,"Sattvasoul Cold Pressed Black Mustard Oil","Sattvasoul","1 ltr",350,290,290,"17% OFF","In Stock","Mustard Oil",Instamart
2026-10-02,DELHI,"Jivo Cold Pressed Chemical Free Sunflower Oil","Jivo","1 ltr",275,198,198,"28% OFF","In Stock","Sunflower Oil",Instamart
2026-10-02,DELHI,"24 Mantra Organic Expeller Pressed Sunflower Oil","24 Mantra","1 ltr x 2",1100,669,335,"39% OFF","In Stock","Sunflower Oil",Instamart
2026-10-02,DELHI,"24 Mantra Organic Expeller Pressed Sunflower Oil","24 Mantra","1 ltr",550,340,340,"38% OFF","In Stock","Sunflower Oil",Instamart
2026-10-02,DELHI,"Natureland Organics Sunflower Oil","Natureland Organics","1 ltr x 2",990,646,323,"34% OFF","In Stock","Sunflower Oil",Instamart
2026-10-02,DELHI,"Natureland Organics Sunflower Oil","Natureland Organics","1 ltr",495,323,323,"34% OFF","In Stock","Sunflower Oil",Instamart
2026-10-02,DELHI,"Anveshan Sunflower Oil (Wood Pressed)","Anveshan","1 ltr",475,425,425,"10% OFF","In Stock","Sunflower Oil",Instamart
2026-10-02,DELHI,"Pro Nature Organic Sunflower Oil","Pro Nature Organic","1 ltr",499,322,322,"35% OFF","In Stock","Sunflower Oil",Instamart
2026-10-02,DELHI,"Tata Simply Better Cold Pressed Sunflower Oil, Pure and Unrefined","Tata Simply Better","1 ltr",599,489,489,"18% OFF","In Stock","Sunflower Oil",Instamart
2026-10-02,DELHI,"HARI:BOL Cold Pressed Sunflower Oil","Haribol","1 ltr",550,301,301,"45% OFF","In Stock","Sunflower Oil",Instamart
2026-10-02,DELHI,"A TATA Product - Organic India Cold Pressed Sunflower Oil","Organic India","1 ltr",540,388,388,"28% OFF","In Stock","Sunflower Oil",Instamart
2026-10-02,DELHI,"Anveshan Wood-Pressed Sunflower Oil","Anveshan","3 ltr",1375,902,301,"34% OFF","In Stock","Sunflower Oil",Instamart
2026-10-02,DELHI,"Jivo Cold Pressed Chemical Free Sunflower Oil","Jivo","5 ltr",1350,980,196,"27% OFF","In Stock","Sunflower Oil",Instamart
2026-10-02,DELHI,"Phalada Pure & Sure Organic Cold Pressed Sunflower oil","Phalada Pure & Sure","2 ltr",740,554,277,"25% OFF","In Stock","Sunflower Oil",Instamart
2026-10-02,DELHI,"Phalada Pure & Sure Organic Cold Pressed Sunflower Oil","Phalada Pure & Sure","1 ltr",460,325,325,"29% OFF","In Stock","Sunflower Oil",Instamart
2026-10-02,DELHI,"SAHASTHRA Cold Pressed Sunflower Oil","SAHASTHRA","1 ltr",499,306,306,"38% OFF","In Stock","Sunflower Oil",Instamart
2026-10-02,DELHI,"TIME FOR ORGANICS - TFO Organic Cold Pressed Sunflower Oil","TIME FOR ORGANICS - TFO","2 ltr",910,901,451,"1% OFF","In Stock","Sunflower Oil",Instamart
2026-10-02,DELHI,"TIME FOR ORGANICS - TFO Organic Cold Pressed Sunflower Oil","TIME FOR ORGANICS - TFO","1 ltr",476,471,471,"1% OFF","In Stock","Sunflower Oil",Instamart
2026-10-02,DELHI,"TIME FOR ORGANICS - TFO Organic Cold Pressed Sunflower Oil","TIME FOR ORGANICS - TFO","5 ltr",2196,2174,435,"1% OFF","In Stock","Sunflower Oil",Instamart
2026-10-02,DELHI,"Earthen Story Organic Cold Pressed Sunflower Oil","Earthen Story","1 ltr",475,449,449,"5% OFF","Out of Stock","Sunflower Oil",Instamart
2026-10-02,DELHI,"RawNH Organics Cold Pressed Sunflower Oil","RawNH Organics","500 ml",349,199,398,"42% OFF","Out of Stock","Sunflower Oil",Instamart
2026-10-02,DELHI,"Gramiyaa wood cold pressed sunflower oil","Gramiyaa","1 ltr",590,336,336,"43% OFF","Out of Stock","Sunflower Oil",Instamart
2026-10-02,DELHI,"MustaPure Cold Pressed Sunflower Oil","MUSTAPURE","1 ltr",500,259,259,"48% OFF","Out of Stock","Sunflower Oil",Instamart
2026-10-02,DELHI,"Aroga Foods Cold pressed Sunflower Oil","Aroga Foods","1 ltr",600,439,439,"26% OFF","Out of Stock","Sunflower Oil",Instamart
2026-10-02,DELHI,"Randhanshala Cold Pressed Unfiltered Pure Sunflower Oil | Wooden Kohlu |No Added Color, Preservative","Randhanshala","1 ltr",650,650,650,"0%","Out of Stock","Sunflower Oil",Instamart
2026-10-02,DELHI,"organic tattva Organic Sunflower Oil Bottle","organic tattva","1 ltr x 2",1198,918,459,"23% OFF","Out of Stock","Sunflower Oil",Instamart
2026-10-02,DELHI,"organic tattva Organic Sunflower Oil Bottle","organic tattva","1 ltr",599,459,459,"23% OFF","Out of Stock","Sunflower Oil",Instamart
2026-10-02,DELHI,"Praakritik Organic Sunflower Oil","Praakritik","500 ml",275,194,388,"29% OFF","Out of Stock","Sunflower Oil",Instamart
2026-10-02,DELHI,"SONI FARMS Organic Sunflower Oil, Cold Pressed","SONI FARMS","1 ltr",550,403,403,"26% OFF","Out of Stock","Sunflower Oil",Instamart
2026-10-02,DELHI,"Indiyeah Virgin Coldpress Sunflower Oil","Indiyeah","1 ltr",649,364,364,"43% OFF","Out of Stock","Sunflower Oil",Instamart
2026-10-02,DELHI,"Jivo Cold Press Sunflower Oil","Jivo","500 ml",138,138,276,"0%","Out of Stock","Sunflower Oil",Instamart
2026-10-02,DELHI,"Anveshan Wood Pressed Sunflower Oil","Anveshan","5 ltr",2150,1769,354,"17% OFF","Out of Stock","Sunflower Oil",Instamart
2026-10-02,DELHI,"Pro Nature Organic Sunflower Oil","Pro Nature Organic","500 ml",269,266,532,"1% OFF","Out of Stock","Sunflower Oil",Instamart
2026-10-02,DELHI,"Fortune REF Sunflower Oil","Fortune","870 g",250,194,194,"22% OFF","In Stock","Sunflower Oil",Instamart
2026-10-02,DELHI,"Saffola Gold Refined Cooking Oil","Saffola","5 ltr",1350,1272,254,"5% OFF","In Stock","Other Oil",Instamart
2026-10-02,DELHI,"Fortune Sun Lite Refined sunflower oil","Fortune","1 ltr",215,167,167,"22% OFF","In Stock","Sunflower Oil",Instamart
2026-10-02,DELHI,"Sunpure Refined Sunflower Oil","Sunpure","1 ltr x 3",660,536,179,"18% OFF","In Stock","Sunflower Oil",Instamart
2026-10-02,DELHI,"Sunpure Refined Sunflower Oil","Sunpure","1 ltr",220,183,183,"16% OFF","In Stock","Sunflower Oil",Instamart